Position,2PtGoals,Assists,CausedTurnovers,FaceoffLosses,FaceoffPercentage,FaceoffWins,FirstName,Goals,GoalsAgainst,GroundBalls,LastName,SavePercentage,Saves,Turnovers,score,Team,AwayScoreFinal,AwayTeam,HomeScoreFinal,HomeTeam,GameDateTime,Missed2PtGoals,MissedGoals,game_name
Attack,0,0,0,0,0,0,Christian,0,0,1,Cuccinello,0,0,3,-5,Waterdogs,7,Waterdogs,9,Archers,7/28/2020 19:00,NA,NA,Archers_Waterdogs_07_28_2020
Attack,0,2,0,0,0,0,Kieran,1,0,1,McArdle,0,0,3,9,Waterdogs,7,Waterdogs,9,Archers,7/28/2020 19:00,NA,NA,Archers_Waterdogs_07_28_2020
Attack,0,1,0,0,0,0,Wes,0,0,1,Berg,0,0,0,6,Waterdogs,7,Waterdogs,9,Archers,7/28/2020 19:00,NA,NA,Archers_Waterdogs_07_28_2020
Attack,0,1,0,0,0,0,Ben,0,0,2,Reeves,0,0,0,7,Waterdogs,7,Waterdogs,9,Archers,7/28/2020 19:00,NA,NA,Archers_Waterdogs_07_28_2020
Attack,0,0,0,0,0,0,Ryan,1,0,2,Drenner,0,0,4,-2,Waterdogs,7,Waterdogs,9,Archers,7/28/2020 19:00,NA,NA,Archers_Waterdogs_07_28_2020
Defense,0,0,0,0,0,0,Noah,0,0,1,Richard,0,0,1,-1,Waterdogs,7,Waterdogs,9,Archers,7/28/2020 19:00,NA,NA,Archers_Waterdogs_07_28_2020
Defense,0,0,1,0,0,0,Brodie,0,0,1,Merrill,0,0,0,8,Waterdogs,7,Waterdogs,9,Archers,7/28/2020 19:00,NA,NA,Archers_Waterdogs_07_28_2020
Defense,0,0,4,0,0,0,BJ,0,0,4,Grill,0,0,0,32,Waterdogs,7,Waterdogs,9,Archers,7/28/2020 19:00,NA,NA,Archers_Waterdogs_07_28_2020
Defense,0,0,0,0,0,0,Chris,0,0,0,Sabia,0,0,0,0,Waterdogs,7,Waterdogs,9,Archers,7/28/2020 19:00,NA,NA,Archers_Waterdogs_07_28_2020
Defense,0,0,0,0,0,0,Brian,0,0,0,Karalunas,0,0,0,0,Waterdogs,7,Waterdogs,9,Archers,7/28/2020 19:00,NA,NA,Archers_Waterdogs_07_28_2020
Defense,0,0,0,0,0,0,Patrick,0,0,1,Foley,0,0,0,1,Waterdogs,7,Waterdogs,9,Archers,7/28/2020 19:00,NA,NA,Archers_Waterdogs_07_28_2020
Defense,0,0,1,0,0,0,Ryland,0,0,2,Rees,0,0,0,9,Waterdogs,7,Waterdogs,9,Archers,7/28/2020 19:00,NA,NA,Archers_Waterdogs_07_28_2020
Faceoff,0,0,1,3,62.5,5,Drew,0,0,0,Simoneau,0,0,0,20,Waterdogs,7,Waterdogs,9,Archers,7/28/2020 19:00,NA,NA,Archers_Waterdogs_07_28_2020
Faceoff,0,0,1,6,45.45454545,5,Jake,0,0,0,Withers,0,0,0,12,Waterdogs,7,Waterdogs,9,Archers,7/28/2020 19:00,NA,NA,Archers_Waterdogs_07_28_2020
Goalie,0,0,0,0,0,0,Charlie,0,9,1,Cipriano,47.05882353,8,0,6,Waterdogs,7,Waterdogs,9,Archers,7/28/2020 19:00,NA,NA,Archers_Waterdogs_07_28_2020
Goalie,0,0,0,0,0,0,Tate,0,0,0,Boyce,0,0,0,0,Waterdogs,7,Waterdogs,9,Archers,7/28/2020 19:00,NA,NA,Archers_Waterdogs_07_28_2020
Goalie,0,0,0,0,0,0,Matt,0,0,0,DeLuca,0,0,0,0,Waterdogs,7,Waterdogs,9,Archers,7/28/2020 19:00,NA,NA,Archers_Waterdogs_07_28_2020
Midfield,0,0,0,0,0,0,Ben,2,0,2,McIntosh,0,0,1,8,Waterdogs,7,Waterdogs,9,Archers,7/28/2020 19:00,NA,NA,Archers_Waterdogs_07_28_2020
Midfield,0,0,0,0,0,0,Danny,1,0,1,Eipp,0,0,0,5,Waterdogs,7,Waterdogs,9,Archers,7/28/2020 19:00,NA,NA,Archers_Waterdogs_07_28_2020
Midfield,0,0,0,0,0,0,Ryan,0,0,0,Conrad,0,0,0,0,Waterdogs,7,Waterdogs,9,Archers,7/28/2020 19:00,NA,NA,Archers_Waterdogs_07_28_2020
Midfield,0,0,1,0,0,0,Steven,0,0,3,DeNapoli,0,0,0,10,Waterdogs,7,Waterdogs,9,Archers,7/28/2020 19:00,NA,NA,Archers_Waterdogs_07_28_2020
Midfield,0,0,0,0,0,0,Kyle,0,0,1,McClancy,0,0,0,1,Waterdogs,7,Waterdogs,9,Archers,7/28/2020 19:00,NA,NA,Archers_Waterdogs_07_28_2020
Midfield,0,0,0,0,0,0,Connor,1,0,2,Kelly,0,0,2,2,Waterdogs,7,Waterdogs,9,Archers,7/28/2020 19:00,NA,NA,Archers_Waterdogs_07_28_2020
Midfield,0,0,0,0,0,0,Drew,1,0,0,Snider,0,0,0,4,Waterdogs,7,Waterdogs,9,Archers,7/28/2020 19:00,NA,NA,Archers_Waterdogs_07_28_2020
Midfield,0,0,0,0,0,0,Zach,0,0,0,Currier,0,0,0,0,Waterdogs,7,Waterdogs,9,Archers,7/28/2020 19:00,NA,NA,Archers_Waterdogs_07_28_2020
Attack,0,0,0,0,0,0,Davey,0,0,0,Emala,0,0,0,0,Archers,7,Waterdogs,9,Archers,7/28/2020 19:00,0,0,Archers_Waterdogs_07_28_2020
Attack,0,0,0,0,0,0,Marcus,1,0,1,Holman,0,0,1,3,Archers,7,Waterdogs,9,Archers,7/28/2020 19:00,0,0,Archers_Waterdogs_07_28_2020
Attack,0,1,0,0,0,0,Will,1,0,0,Manny,0,0,2,5,Archers,7,Waterdogs,9,Archers,7/28/2020 19:00,0,0,Archers_Waterdogs_07_28_2020
Attack,0,3,0,0,0,0,Grant,1,0,0,Ament,0,0,2,15,Archers,7,Waterdogs,9,Archers,7/28/2020 19:00,0,0,Archers_Waterdogs_07_28_2020
Attack,0,0,0,0,0,0,Josh,0,0,0,Currier,0,0,0,0,Archers,7,Waterdogs,9,Archers,7/28/2020 19:00,0,0,Archers_Waterdogs_07_28_2020
Defense,0,0,0,0,0,0,Curtis,0,0,1,Corley,0,0,0,1,Archers,7,Waterdogs,9,Archers,7/28/2020 19:00,0,0,Archers_Waterdogs_07_28_2020
Defense,0,0,0,0,0,0,Evan,0,0,0,Connell,0,0,0,0,Archers,7,Waterdogs,9,Archers,7/28/2020 19:00,0,0,Archers_Waterdogs_07_28_2020
Defense,0,0,0,0,0,0,Matt,0,0,2,McMahon,0,0,0,2,Archers,7,Waterdogs,9,Archers,7/28/2020 19:00,0,0,Archers_Waterdogs_07_28_2020
Defense,0,0,0,0,0,0,Mike,0,0,2,Simon,0,0,1,0,Archers,7,Waterdogs,9,Archers,7/28/2020 19:00,0,0,Archers_Waterdogs_07_28_2020
Defense,0,0,3,0,0,0,Scott,1,0,0,Ratliff,0,0,0,25,Archers,7,Waterdogs,9,Archers,7/28/2020 19:00,0,0,Archers_Waterdogs_07_28_2020
Defense,0,0,0,0,0,0,Eli,0,0,0,Gobrecht,0,0,1,-2,Archers,7,Waterdogs,9,Archers,7/28/2020 19:00,0,0,Archers_Waterdogs_07_28_2020
Defense,0,0,0,0,0,0,Jack,0,0,0,Rapine,0,0,0,0,Archers,7,Waterdogs,9,Archers,7/28/2020 19:00,0,0,Archers_Waterdogs_07_28_2020
Faceoff,0,0,0,5,28.57142857,2,Brendan,0,0,1,Fowler,0,0,1,-1,Archers,7,Waterdogs,9,Archers,7/28/2020 19:00,0,0,Archers_Waterdogs_07_28_2020
Faceoff,0,0,0,5,58.33333333,7,Stephen,0,0,1,Kelly,0,0,2,8,Archers,7,Waterdogs,9,Archers,7/28/2020 19:00,0,0,Archers_Waterdogs_07_28_2020
Goalie,0,0,0,0,0,0,Adam,0,1,2,Ghitelman,88.88888889,8,0,25,Archers,7,Waterdogs,9,Archers,7/28/2020 19:00,0,0,Archers_Waterdogs_07_28_2020
Goalie,0,0,0,0,0,0,Drew,0,6,0,Adams,45.45454545,5,0,5,Archers,7,Waterdogs,9,Archers,7/28/2020 19:00,0,0,Archers_Waterdogs_07_28_2020
Midfield,0,0,0,0,0,0,Austin,0,0,0,Sims,0,0,0,0,Archers,7,Waterdogs,9,Archers,7/28/2020 19:00,0,0,Archers_Waterdogs_07_28_2020
Midfield,0,0,0,0,0,0,Dominique,0,0,0,Alexander,0,0,0,0,Archers,7,Waterdogs,9,Archers,7/28/2020 19:00,0,0,Archers_Waterdogs_07_28_2020
Midfield,0,0,0,0,0,0,Ian,1,0,0,MacKay,0,0,2,0,Archers,7,Waterdogs,9,Archers,7/28/2020 19:00,0,0,Archers_Waterdogs_07_28_2020
Midfield,0,0,0,0,0,0,Joey,0,0,0,Sankey,0,0,1,-2,Archers,7,Waterdogs,9,Archers,7/28/2020 19:00,0,0,Archers_Waterdogs_07_28_2020
Midfield,0,0,0,0,0,0,Mark,0,0,1,McNeill,0,0,0,1,Archers,7,Waterdogs,9,Archers,7/28/2020 19:00,0,0,Archers_Waterdogs_07_28_2020
Midfield,0,1,0,0,0,0,Ryan,0,0,0,Ambler,0,0,0,5,Archers,7,Waterdogs,9,Archers,7/28/2020 19:00,0,0,Archers_Waterdogs_07_28_2020
Midfield,0,0,0,0,0,0,Tom,2,0,1,Schreiber,0,0,1,7,Archers,7,Waterdogs,9,Archers,7/28/2020 19:00,0,0,Archers_Waterdogs_07_28_2020
Midfield,0,0,0,0,0,0,Tyler,0,0,1,Pfister,0,0,1,-1,Archers,7,Waterdogs,9,Archers,7/28/2020 19:00,0,0,Archers_Waterdogs_07_28_2020
Midfield,0,0,0,0,0,0,Christian,2,0,1,Mazzone,0,0,1,7,Archers,7,Waterdogs,9,Archers,7/28/2020 19:00,0,0,Archers_Waterdogs_07_28_2020
Attack,0,0,0,0,0,0,Dylan,0,0,0,Maltz,0,0,0,0,Whipsnakes,17,Whipsnakes,11,Archers,8/2/2020 12:00,NA,NA,Archers_Whipsnakes_08_02_2020
Attack,0,0,0,0,0,0,Jay,1,0,1,Carlson,0,0,1,3,Whipsnakes,17,Whipsnakes,11,Archers,8/2/2020 12:00,NA,NA,Archers_Whipsnakes_08_02_2020
Attack,0,8,0,0,0,0,Matt,2,0,1,Rambo,0,0,2,45,Whipsnakes,17,Whipsnakes,11,Archers,8/2/2020 12:00,NA,NA,Archers_Whipsnakes_08_02_2020
Attack,0,0,0,0,0,0,Brad,3,0,3,Smith,0,0,1,13,Whipsnakes,17,Whipsnakes,11,Archers,8/2/2020 12:00,NA,NA,Archers_Whipsnakes_08_02_2020
Attack,0,1,0,0,0,0,Zed,4,0,1,Williams,0,0,1,20,Whipsnakes,17,Whipsnakes,11,Archers,8/2/2020 12:00,NA,NA,Archers_Whipsnakes_08_02_2020
Defense,0,0,0,0,0,0,Brett,0,0,1,Schmidt,0,0,0,1,Whipsnakes,17,Whipsnakes,11,Archers,8/2/2020 12:00,NA,NA,Archers_Whipsnakes_08_02_2020
Defense,0,0,1,0,0,0,Bryce,0,0,1,Young,0,0,1,6,Whipsnakes,17,Whipsnakes,11,Archers,8/2/2020 12:00,NA,NA,Archers_Whipsnakes_08_02_2020
Defense,0,0,1,0,0,0,Matthew,0,0,0,Dunn,0,0,1,5,Whipsnakes,17,Whipsnakes,11,Archers,8/2/2020 12:00,NA,NA,Archers_Whipsnakes_08_02_2020
Defense,0,0,0,0,0,0,Michael,0,0,3,Ehrhardt,0,0,1,1,Whipsnakes,17,Whipsnakes,11,Archers,8/2/2020 12:00,NA,NA,Archers_Whipsnakes_08_02_2020
Defense,0,0,0,0,0,0,Tim,0,0,1,Muller,0,0,0,1,Whipsnakes,17,Whipsnakes,11,Archers,8/2/2020 12:00,NA,NA,Archers_Whipsnakes_08_02_2020
Defense,0,0,0,0,0,0,Sean,0,0,0,New,0,0,0,0,Whipsnakes,17,Whipsnakes,11,Archers,8/2/2020 12:00,NA,NA,Archers_Whipsnakes_08_02_2020
Faceoff,0,0,1,8,72.4137931,21,Joseph,0,0,2,Nardella,0,0,0,26,Whipsnakes,17,Whipsnakes,11,Archers,8/2/2020 12:00,NA,NA,Archers_Whipsnakes_08_02_2020
Goalie,0,0,0,0,0,0,Jacob,0,0,0,Stover,0,0,0,0,Whipsnakes,17,Whipsnakes,11,Archers,8/2/2020 12:00,NA,NA,Archers_Whipsnakes_08_02_2020
Goalie,0,0,0,0,0,0,Kyle,0,11,1,Bernlohr,38.88888889,7,1,2,Whipsnakes,17,Whipsnakes,11,Archers,8/2/2020 12:00,NA,NA,Archers_Whipsnakes_08_02_2020
Midfield,0,0,0,0,0,0,Max,0,0,1,Tuttle,0,0,1,-1,Whipsnakes,17,Whipsnakes,11,Archers,8/2/2020 12:00,NA,NA,Archers_Whipsnakes_08_02_2020
Midfield,0,0,0,0,0,0,Isaac,0,0,0,Paparo,0,0,0,0,Whipsnakes,17,Whipsnakes,11,Archers,8/2/2020 12:00,NA,NA,Archers_Whipsnakes_08_02_2020
Midfield,0,0,0,0,0,0,Jake,0,0,0,Bernhardt,0,0,0,0,Whipsnakes,17,Whipsnakes,11,Archers,8/2/2020 12:00,NA,NA,Archers_Whipsnakes_08_02_2020
Midfield,0,0,0,0,0,0,Jeremy,0,0,1,Sieverts,0,0,1,-1,Whipsnakes,17,Whipsnakes,11,Archers,8/2/2020 12:00,NA,NA,Archers_Whipsnakes_08_02_2020
Midfield,0,0,0,0,0,0,Joe,2,0,0,Locascio,0,0,0,8,Whipsnakes,17,Whipsnakes,11,Archers,8/2/2020 12:00,NA,NA,Archers_Whipsnakes_08_02_2020
Midfield,0,2,0,0,0,0,John,4,0,1,Haus,0,0,2,23,Whipsnakes,17,Whipsnakes,11,Archers,8/2/2020 12:00,NA,NA,Archers_Whipsnakes_08_02_2020
Midfield,0,0,0,0,0,1,Joseph,0,0,0,McCallion,0,0,0,1,Whipsnakes,17,Whipsnakes,11,Archers,8/2/2020 12:00,NA,NA,Archers_Whipsnakes_08_02_2020
Midfield,0,1,0,0,0,0,Mike,1,0,0,Chanenchuk,0,0,0,9,Whipsnakes,17,Whipsnakes,11,Archers,8/2/2020 12:00,NA,NA,Archers_Whipsnakes_08_02_2020
Midfield,0,0,0,0,0,0,Tyler,0,0,3,Warner,0,0,0,3,Whipsnakes,17,Whipsnakes,11,Archers,8/2/2020 12:00,NA,NA,Archers_Whipsnakes_08_02_2020
Midfield,0,0,0,0,0,0,TJ,0,0,0,Comizio,0,0,0,0,Whipsnakes,17,Whipsnakes,11,Archers,8/2/2020 12:00,NA,NA,Archers_Whipsnakes_08_02_2020
Midfield,0,0,0,0,0,0,Matt,0,0,0,Hubler,0,0,0,0,Whipsnakes,17,Whipsnakes,11,Archers,8/2/2020 12:00,NA,NA,Archers_Whipsnakes_08_02_2020
Attack,0,0,0,0,0,0,Davey,0,0,0,Emala,0,0,0,0,Archers,17,Whipsnakes,11,Archers,8/2/2020 12:00,0,0,Archers_Whipsnakes_08_02_2020
Attack,0,0,1,0,0,0,Marcus,1,0,2,Holman,0,0,2,9,Archers,17,Whipsnakes,11,Archers,8/2/2020 12:00,0,0,Archers_Whipsnakes_08_02_2020
Attack,0,1,0,0,0,0,Will,1,0,1,Manny,0,0,1,8,Archers,17,Whipsnakes,11,Archers,8/2/2020 12:00,0,0,Archers_Whipsnakes_08_02_2020
Attack,0,2,0,0,0,0,Grant,1,0,2,Ament,0,0,1,14,Archers,17,Whipsnakes,11,Archers,8/2/2020 12:00,0,0,Archers_Whipsnakes_08_02_2020
Attack,0,0,0,0,0,0,Josh,1,0,0,Currier,0,0,2,0,Archers,17,Whipsnakes,11,Archers,8/2/2020 12:00,0,0,Archers_Whipsnakes_08_02_2020
Defense,0,0,1,0,0,0,Curtis,0,0,0,Corley,0,0,0,7,Archers,17,Whipsnakes,11,Archers,8/2/2020 12:00,0,0,Archers_Whipsnakes_08_02_2020
Defense,0,0,0,0,0,0,Evan,0,0,0,Connell,0,0,0,0,Archers,17,Whipsnakes,11,Archers,8/2/2020 12:00,0,0,Archers_Whipsnakes_08_02_2020
Defense,0,0,0,0,0,0,Matt,0,0,1,McMahon,0,0,0,1,Archers,17,Whipsnakes,11,Archers,8/2/2020 12:00,0,0,Archers_Whipsnakes_08_02_2020
Defense,0,0,0,0,0,0,Mike,0,0,2,Simon,0,0,0,2,Archers,17,Whipsnakes,11,Archers,8/2/2020 12:00,0,0,Archers_Whipsnakes_08_02_2020
Defense,0,0,0,0,0,0,Scott,1,0,1,Ratliff,0,0,0,5,Archers,17,Whipsnakes,11,Archers,8/2/2020 12:00,0,0,Archers_Whipsnakes_08_02_2020
Defense,0,0,0,0,0,0,Eli,0,0,0,Gobrecht,0,0,0,0,Archers,17,Whipsnakes,11,Archers,8/2/2020 12:00,0,0,Archers_Whipsnakes_08_02_2020
Defense,0,0,0,0,0,0,Jack,0,0,0,Rapine,0,0,0,0,Archers,17,Whipsnakes,11,Archers,8/2/2020 12:00,0,0,Archers_Whipsnakes_08_02_2020
Faceoff,0,0,0,10,28.57142857,4,Brendan,0,0,0,Fowler,0,0,0,0,Archers,17,Whipsnakes,11,Archers,8/2/2020 12:00,0,0,Archers_Whipsnakes_08_02_2020
Faceoff,0,0,0,11,26.66666667,4,Stephen,0,0,0,Kelly,0,0,0,0,Archers,17,Whipsnakes,11,Archers,8/2/2020 12:00,0,0,Archers_Whipsnakes_08_02_2020
Goalie,0,0,0,0,0,0,Adam,0,8,3,Ghitelman,38.46153846,5,0,6,Archers,17,Whipsnakes,11,Archers,8/2/2020 12:00,0,0,Archers_Whipsnakes_08_02_2020
Goalie,0,0,0,0,0,0,Drew,0,9,0,Adams,47.05882353,8,0,5,Archers,17,Whipsnakes,11,Archers,8/2/2020 12:00,0,0,Archers_Whipsnakes_08_02_2020
Midfield,0,0,0,0,0,0,Austin,0,0,0,Sims,0,0,0,0,Archers,17,Whipsnakes,11,Archers,8/2/2020 12:00,0,0,Archers_Whipsnakes_08_02_2020
Midfield,0,0,1,0,0,0,Dominique,0,0,0,Alexander,0,0,0,7,Archers,17,Whipsnakes,11,Archers,8/2/2020 12:00,0,0,Archers_Whipsnakes_08_02_2020
Midfield,0,1,0,1,0,1,Ian,0,0,1,MacKay,0,0,1,4.5,Archers,17,Whipsnakes,11,Archers,8/2/2020 12:00,0,0,Archers_Whipsnakes_08_02_2020
Midfield,0,0,0,0,0,0,Joey,1,0,0,Sankey,0,0,0,4,Archers,17,Whipsnakes,11,Archers,8/2/2020 12:00,0,0,Archers_Whipsnakes_08_02_2020
Midfield,0,0,2,0,0,0,Mark,0,0,5,McNeill,0,0,0,19,Archers,17,Whipsnakes,11,Archers,8/2/2020 12:00,0,0,Archers_Whipsnakes_08_02_2020
Midfield,0,1,0,0,0,0,Ryan,2,0,0,Ambler,0,0,0,13,Archers,17,Whipsnakes,11,Archers,8/2/2020 12:00,0,0,Archers_Whipsnakes_08_02_2020
Midfield,0,0,0,0,0,0,Tom,1,0,0,Schreiber,0,0,0,4,Archers,17,Whipsnakes,11,Archers,8/2/2020 12:00,0,0,Archers_Whipsnakes_08_02_2020
Midfield,0,0,0,0,0,0,Tyler,0,0,0,Pfister,0,0,0,0,Archers,17,Whipsnakes,11,Archers,8/2/2020 12:00,0,0,Archers_Whipsnakes_08_02_2020
Midfield,0,0,0,0,0,0,Christian,2,0,1,Mazzone,0,0,0,9,Archers,17,Whipsnakes,11,Archers,8/2/2020 12:00,0,0,Archers_Whipsnakes_08_02_2020
Attack,0,0,0,0,0,0,Davey,0,0,0,Emala,0,0,0,0,Archers,11,Archers,10,Atlas,7/27/2020 21:30,NA,NA,Atlas_Archers_07_27_2020
Attack,0,0,0,0,0,0,Marcus,1,0,0,Holman,0,0,0,4,Archers,11,Archers,10,Atlas,7/27/2020 21:30,NA,NA,Atlas_Archers_07_27_2020
Attack,0,2,0,0,0,0,Will,1,0,0,Manny,0,0,1,12,Archers,11,Archers,10,Atlas,7/27/2020 21:30,NA,NA,Atlas_Archers_07_27_2020
Attack,0,1,0,0,0,0,Grant,3,0,1,Ament,0,0,1,16,Archers,11,Archers,10,Atlas,7/27/2020 21:30,NA,NA,Atlas_Archers_07_27_2020
Attack,0,0,0,0,0,0,Josh,2,0,0,Currier,0,0,1,6,Archers,11,Archers,10,Atlas,7/27/2020 21:30,NA,NA,Atlas_Archers_07_27_2020
Defense,0,0,0,0,0,0,Curtis,0,0,0,Corley,0,0,0,0,Archers,11,Archers,10,Atlas,7/27/2020 21:30,NA,NA,Atlas_Archers_07_27_2020
Defense,0,0,0,0,0,0,Evan,0,0,0,Connell,0,0,0,0,Archers,11,Archers,10,Atlas,7/27/2020 21:30,NA,NA,Atlas_Archers_07_27_2020
Defense,0,0,4,0,0,0,Matt,0,0,2,McMahon,0,0,0,30,Archers,11,Archers,10,Atlas,7/27/2020 21:30,NA,NA,Atlas_Archers_07_27_2020
Defense,0,0,0,0,0,0,Mike,0,0,1,Simon,0,0,0,1,Archers,11,Archers,10,Atlas,7/27/2020 21:30,NA,NA,Atlas_Archers_07_27_2020
Defense,0,1,0,0,0,0,Scott,0,0,2,Ratliff,0,0,2,3,Archers,11,Archers,10,Atlas,7/27/2020 21:30,NA,NA,Atlas_Archers_07_27_2020
Defense,0,0,1,0,0,0,Eli,0,0,2,Gobrecht,0,0,0,9,Archers,11,Archers,10,Atlas,7/27/2020 21:30,NA,NA,Atlas_Archers_07_27_2020
Defense,0,0,0,0,0,0,Jack,0,0,0,Rapine,0,0,0,0,Archers,11,Archers,10,Atlas,7/27/2020 21:30,NA,NA,Atlas_Archers_07_27_2020
Faceoff,0,0,0,8,27.27272727,3,Brendan,0,0,2,Fowler,0,0,0,2,Archers,11,Archers,10,Atlas,7/27/2020 21:30,NA,NA,Atlas_Archers_07_27_2020
Faceoff,0,0,0,6,53.84615385,7,Stephen,0,0,1,Kelly,0,0,1,8,Archers,11,Archers,10,Atlas,7/27/2020 21:30,NA,NA,Atlas_Archers_07_27_2020
Goalie,0,0,0,0,0,0,Adam,0,5,2,Ghitelman,44.44444444,4,0,6,Archers,11,Archers,10,Atlas,7/27/2020 21:30,NA,NA,Atlas_Archers_07_27_2020
Goalie,0,0,0,0,0,0,Drew,0,4,1,Adams,50,4,0,10,Archers,11,Archers,10,Atlas,7/27/2020 21:30,NA,NA,Atlas_Archers_07_27_2020
Midfield,0,0,0,0,0,0,Austin,0,0,0,Sims,0,0,0,0,Archers,11,Archers,10,Atlas,7/27/2020 21:30,NA,NA,Atlas_Archers_07_27_2020
Midfield,0,0,0,0,0,0,Dominique,0,0,1,Alexander,0,0,0,1,Archers,11,Archers,10,Atlas,7/27/2020 21:30,NA,NA,Atlas_Archers_07_27_2020
Midfield,0,0,0,0,0,0,Ian,0,0,0,MacKay,0,0,1,-2,Archers,11,Archers,10,Atlas,7/27/2020 21:30,NA,NA,Atlas_Archers_07_27_2020
Midfield,0,1,0,0,0,0,Joey,0,0,0,Sankey,0,0,2,1,Archers,11,Archers,10,Atlas,7/27/2020 21:30,NA,NA,Atlas_Archers_07_27_2020
Midfield,0,0,0,0,0,0,Mark,0,0,0,McNeill,0,0,1,-2,Archers,11,Archers,10,Atlas,7/27/2020 21:30,NA,NA,Atlas_Archers_07_27_2020
Midfield,0,1,0,0,0,0,Ryan,0,0,0,Ambler,0,0,1,3,Archers,11,Archers,10,Atlas,7/27/2020 21:30,NA,NA,Atlas_Archers_07_27_2020
Midfield,0,1,0,0,0,0,Tom,2,0,1,Schreiber,0,0,2,10,Archers,11,Archers,10,Atlas,7/27/2020 21:30,NA,NA,Atlas_Archers_07_27_2020
Midfield,0,0,0,0,0,0,Tyler,0,0,0,Pfister,0,0,1,-2,Archers,11,Archers,10,Atlas,7/27/2020 21:30,NA,NA,Atlas_Archers_07_27_2020
Midfield,0,0,0,0,0,0,Christian,2,0,1,Mazzone,0,0,1,7,Archers,11,Archers,10,Atlas,7/27/2020 21:30,NA,NA,Atlas_Archers_07_27_2020
Attack,0,0,0,0,0,0,Chris,1,0,0,Cloutier,0,0,3,-2,Atlas,11,Archers,10,Atlas,7/27/2020 21:30,0,0,Atlas_Archers_07_27_2020
Attack,0,1,0,0,0,0,Eric,0,0,2,Law,0,0,3,1,Atlas,11,Archers,10,Atlas,7/27/2020 21:30,0,0,Atlas_Archers_07_27_2020
Attack,0,0,0,0,0,0,James,0,0,0,Pannell,0,0,0,0,Atlas,11,Archers,10,Atlas,7/27/2020 21:30,0,0,Atlas_Archers_07_27_2020
Attack,0,0,0,0,0,0,Ryan,1,0,0,Brown,0,0,0,4,Atlas,11,Archers,10,Atlas,7/27/2020 21:30,0,0,Atlas_Archers_07_27_2020
Attack,0,2,0,0,0,0,Rob,1,0,2,Pannell,0,0,4,8,Atlas,11,Archers,10,Atlas,7/27/2020 21:30,0,0,Atlas_Archers_07_27_2020
Defense,0,0,1,0,0,0,Austin,0,0,1,Pifani,0,0,0,8,Atlas,11,Archers,10,Atlas,7/27/2020 21:30,0,0,Atlas_Archers_07_27_2020
Defense,0,0,2,0,0,0,Cade,0,0,3,Van Raaphorst,0,0,0,17,Atlas,11,Archers,10,Atlas,7/27/2020 21:30,0,0,Atlas_Archers_07_27_2020
Defense,0,0,0,0,0,0,Callum,0,0,0,Robinson,0,0,0,0,Atlas,11,Archers,10,Atlas,7/27/2020 21:30,0,0,Atlas_Archers_07_27_2020
Defense,0,0,0,0,0,0,Kyle,0,0,0,Hartzell,0,0,0,0,Atlas,11,Archers,10,Atlas,7/27/2020 21:30,0,0,Atlas_Archers_07_27_2020
Defense,0,0,0,0,0,0,Tucker,0,0,0,Durkin,0,0,0,0,Atlas,11,Archers,10,Atlas,7/27/2020 21:30,0,0,Atlas_Archers_07_27_2020
Defense,0,0,1,0,0,0,Craig,0,0,3,Chick,0,0,0,10,Atlas,11,Archers,10,Atlas,7/27/2020 21:30,0,0,Atlas_Archers_07_27_2020
Faceoff,0,0,1,7,66.66666667,14,Trevor,0,0,1,Baptiste,0,0,0,23,Atlas,11,Archers,10,Atlas,7/27/2020 21:30,0,0,Atlas_Archers_07_27_2020
Goalie,0,0,0,0,0,0,Jack,0,11,2,Concannon,50,11,0,11,Atlas,11,Archers,10,Atlas,7/27/2020 21:30,0,0,Atlas_Archers_07_27_2020
Goalie,0,0,0,0,0,0,Scott,0,0,0,Rodgers,0,0,0,0,Atlas,11,Archers,10,Atlas,7/27/2020 21:30,0,0,Atlas_Archers_07_27_2020
Midfield,0,0,0,0,0,0,Andrew,0,0,0,Hodgson,0,0,0,0,Atlas,11,Archers,10,Atlas,7/27/2020 21:30,0,0,Atlas_Archers_07_27_2020
Midfield,0,0,0,0,0,0,Connor,0,0,1,Buczek,0,0,3,-5,Atlas,11,Archers,10,Atlas,7/27/2020 21:30,0,0,Atlas_Archers_07_27_2020
Midfield,0,0,0,0,0,0,Jake,0,0,0,Richard,0,0,0,0,Atlas,11,Archers,10,Atlas,7/27/2020 21:30,0,0,Atlas_Archers_07_27_2020
Midfield,0,1,0,0,0,0,Joel,0,0,4,Tinney,0,0,1,7,Atlas,11,Archers,10,Atlas,7/27/2020 21:30,0,0,Atlas_Archers_07_27_2020
Midfield,0,1,0,0,0,0,John,1,0,1,Crawley,0,0,0,10,Atlas,11,Archers,10,Atlas,7/27/2020 21:30,0,0,Atlas_Archers_07_27_2020
Midfield,0,0,0,0,0,0,Kevin,0,0,1,Unterstein,0,0,0,1,Atlas,11,Archers,10,Atlas,7/27/2020 21:30,0,0,Atlas_Archers_07_27_2020
Midfield,0,0,0,0,0,0,Paul,0,0,0,Rabil,0,0,2,-4,Atlas,11,Archers,10,Atlas,7/27/2020 21:30,0,0,Atlas_Archers_07_27_2020
Midfield,0,0,0,3,0,0,Jeremy,0,0,0,Thompson,0,0,0,-1.5,Atlas,11,Archers,10,Atlas,7/27/2020 21:30,0,0,Atlas_Archers_07_27_2020
Midfield,0,0,0,0,0,0,Romar,1,0,0,Dennis,0,0,0,4,Atlas,11,Archers,10,Atlas,7/27/2020 21:30,0,0,Atlas_Archers_07_27_2020
Midfield,0,0,0,0,0,0,Brent,0,0,0,Noseworthy,0,0,0,0,Atlas,11,Archers,10,Atlas,7/27/2020 21:30,0,0,Atlas_Archers_07_27_2020
Midfield,1,0,1,0,0,0,Bryan,3,0,0,Costabile,0,0,0,26,Atlas,11,Archers,10,Atlas,7/27/2020 21:30,0,0,Atlas_Archers_07_27_2020
Attack,0,0,0,0,0,0,Clarke,0,0,3,Petterson,0,0,2,-1,Redwoods,11,Redwoods,10,Atlas,8/1/2020 13:00,NA,NA,Atlas_Redwoods_08_01_2020
Attack,0,0,0,0,0,0,Jules,0,0,0,Heningburg,0,0,0,0,Redwoods,11,Redwoods,10,Atlas,8/1/2020 13:00,NA,NA,Atlas_Redwoods_08_01_2020
Attack,0,0,0,0,0,0,Matt,0,0,0,Kavanagh,0,0,0,0,Redwoods,11,Redwoods,10,Atlas,8/1/2020 13:00,NA,NA,Atlas_Redwoods_08_01_2020
Attack,0,0,1,0,0,0,Ryder,2,0,5,Garnsey,0,0,2,16,Redwoods,11,Redwoods,10,Atlas,8/1/2020 13:00,NA,NA,Atlas_Redwoods_08_01_2020
Attack,0,0,0,0,0,0,Brendan,0,0,1,Gleason,0,0,2,-3,Redwoods,11,Redwoods,10,Atlas,8/1/2020 13:00,NA,NA,Atlas_Redwoods_08_01_2020
Defense,0,0,2,0,0,0,Eddy,0,0,0,Glazener,0,0,0,14,Redwoods,11,Redwoods,10,Atlas,8/1/2020 13:00,NA,NA,Atlas_Redwoods_08_01_2020
Defense,0,0,2,0,0,0,Garrett,0,0,4,Epple,0,0,1,16,Redwoods,11,Redwoods,10,Atlas,8/1/2020 13:00,NA,NA,Atlas_Redwoods_08_01_2020
Defense,0,0,1,0,0,0,John,0,0,2,Sexton,0,0,0,9,Redwoods,11,Redwoods,10,Atlas,8/1/2020 13:00,NA,NA,Atlas_Redwoods_08_01_2020
Defense,0,0,0,0,0,0,Larken,0,0,0,Kemp,0,0,0,0,Redwoods,11,Redwoods,10,Atlas,8/1/2020 13:00,NA,NA,Atlas_Redwoods_08_01_2020
Defense,0,0,0,0,0,0,Finn,0,0,2,Sullivan,0,0,0,2,Redwoods,11,Redwoods,10,Atlas,8/1/2020 13:00,NA,NA,Atlas_Redwoods_08_01_2020
Defense,0,0,0,0,0,0,Chris,0,0,0,Price,0,0,0,0,Redwoods,11,Redwoods,10,Atlas,8/1/2020 13:00,NA,NA,Atlas_Redwoods_08_01_2020
Faceoff,0,0,0,7,12.5,1,Greg,0,0,0,Puskuldjian,0,0,1,-8,Redwoods,11,Redwoods,10,Atlas,8/1/2020 13:00,NA,NA,Atlas_Redwoods_08_01_2020
Faceoff,0,0,0,8,33.33333333,4,Peyton,0,0,1,Smith,0,0,0,3,Redwoods,11,Redwoods,10,Atlas,8/1/2020 13:00,NA,NA,Atlas_Redwoods_08_01_2020
Goalie,0,0,0,0,0,0,Gunnar,0,0,0,Waldt,0,0,0,0,Redwoods,11,Redwoods,10,Atlas,8/1/2020 13:00,NA,NA,Atlas_Redwoods_08_01_2020
Goalie,0,0,1,0,0,0,Tim,0,9,2,Troutner,50,9,1,16,Redwoods,11,Redwoods,10,Atlas,8/1/2020 13:00,NA,NA,Atlas_Redwoods_08_01_2020
Midfield,1,0,1,0,0,0,Myles,0,0,2,Jones,0,0,1,14,Redwoods,11,Redwoods,10,Atlas,8/1/2020 13:00,NA,NA,Atlas_Redwoods_08_01_2020
Midfield,0,1,0,0,0,0,Brent,1,0,2,Adams,0,0,2,7,Redwoods,11,Redwoods,10,Atlas,8/1/2020 13:00,NA,NA,Atlas_Redwoods_08_01_2020
Midfield,0,0,1,0,0,0,Jack,0,0,2,Near,0,0,1,7,Redwoods,11,Redwoods,10,Atlas,8/1/2020 13:00,NA,NA,Atlas_Redwoods_08_01_2020
Midfield,1,2,0,0,0,0,Joe,0,0,0,Walters,0,0,0,17,Redwoods,11,Redwoods,10,Atlas,8/1/2020 13:00,NA,NA,Atlas_Redwoods_08_01_2020
Midfield,0,0,0,0,0,0,Kyle,0,0,0,Harrison,0,0,0,0,Redwoods,11,Redwoods,10,Atlas,8/1/2020 13:00,NA,NA,Atlas_Redwoods_08_01_2020
Midfield,0,0,1,0,0,0,Nick,0,0,1,Ossello,0,0,1,6,Redwoods,11,Redwoods,10,Atlas,8/1/2020 13:00,NA,NA,Atlas_Redwoods_08_01_2020
Midfield,0,0,1,0,0,0,Patrick,0,0,3,Harbeson,0,0,0,10,Redwoods,11,Redwoods,10,Atlas,8/1/2020 13:00,NA,NA,Atlas_Redwoods_08_01_2020
Midfield,2,0,0,0,0,0,Sergio,0,0,0,Perkovic,0,0,1,12,Redwoods,11,Redwoods,10,Atlas,8/1/2020 13:00,NA,NA,Atlas_Redwoods_08_01_2020
Midfield,0,0,0,0,0,0,Tyler,0,0,0,Dunn,0,0,0,0,Redwoods,11,Redwoods,10,Atlas,8/1/2020 13:00,NA,NA,Atlas_Redwoods_08_01_2020
Midfield,0,0,0,0,0,0,Hugh,0,0,0,Crance,0,0,2,-4,Redwoods,11,Redwoods,10,Atlas,8/1/2020 13:00,NA,NA,Atlas_Redwoods_08_01_2020
Attack,0,0,0,0,0,0,Chris,1,0,0,Cloutier,0,0,2,0,Atlas,11,Redwoods,10,Atlas,8/1/2020 13:00,0,0,Atlas_Redwoods_08_01_2020
Attack,0,0,1,0,0,0,Eric,0,0,3,Law,0,0,1,8,Atlas,11,Redwoods,10,Atlas,8/1/2020 13:00,0,0,Atlas_Redwoods_08_01_2020
Attack,0,0,0,0,0,0,James,0,0,0,Pannell,0,0,0,0,Atlas,11,Redwoods,10,Atlas,8/1/2020 13:00,0,0,Atlas_Redwoods_08_01_2020
Attack,0,0,0,0,0,0,Ryan,2,0,1,Brown,0,0,1,7,Atlas,11,Redwoods,10,Atlas,8/1/2020 13:00,0,0,Atlas_Redwoods_08_01_2020
Attack,0,1,1,0,0,0,Rob,1,0,4,Pannell,0,0,5,10,Atlas,11,Redwoods,10,Atlas,8/1/2020 13:00,0,0,Atlas_Redwoods_08_01_2020
Defense,0,0,1,0,0,0,Austin,0,0,2,Pifani,0,0,1,7,Atlas,11,Redwoods,10,Atlas,8/1/2020 13:00,0,0,Atlas_Redwoods_08_01_2020
Defense,0,0,0,0,0,0,Cade,0,0,4,Van Raaphorst,0,0,0,4,Atlas,11,Redwoods,10,Atlas,8/1/2020 13:00,0,0,Atlas_Redwoods_08_01_2020
Defense,0,0,0,0,0,0,Callum,0,0,0,Robinson,0,0,0,0,Atlas,11,Redwoods,10,Atlas,8/1/2020 13:00,0,0,Atlas_Redwoods_08_01_2020
Defense,0,0,0,0,0,0,Kyle,0,0,5,Hartzell,0,0,1,3,Atlas,11,Redwoods,10,Atlas,8/1/2020 13:00,0,0,Atlas_Redwoods_08_01_2020
Defense,0,0,0,0,0,0,Tucker,0,0,0,Durkin,0,0,0,0,Atlas,11,Redwoods,10,Atlas,8/1/2020 13:00,0,0,Atlas_Redwoods_08_01_2020
Defense,0,0,0,0,0,0,Craig,0,0,5,Chick,0,0,1,3,Atlas,11,Redwoods,10,Atlas,8/1/2020 13:00,0,0,Atlas_Redwoods_08_01_2020
Faceoff,0,0,0,5,75,15,Trevor,1,0,2,Baptiste,0,0,0,25,Atlas,11,Redwoods,10,Atlas,8/1/2020 13:00,0,0,Atlas_Redwoods_08_01_2020
Goalie,0,0,0,0,0,0,Jack,0,7,0,Concannon,61.11111111,11,0,13,Atlas,11,Redwoods,10,Atlas,8/1/2020 13:00,0,0,Atlas_Redwoods_08_01_2020
Goalie,0,0,0,0,0,0,Scott,0,0,0,Rodgers,0,0,0,0,Atlas,11,Redwoods,10,Atlas,8/1/2020 13:00,0,0,Atlas_Redwoods_08_01_2020
Midfield,0,0,0,0,0,0,Andrew,0,0,0,Hodgson,0,0,0,0,Atlas,11,Redwoods,10,Atlas,8/1/2020 13:00,0,0,Atlas_Redwoods_08_01_2020
Midfield,0,2,0,0,0,0,Connor,1,0,1,Buczek,0,0,1,13,Atlas,11,Redwoods,10,Atlas,8/1/2020 13:00,0,0,Atlas_Redwoods_08_01_2020
Midfield,0,0,1,0,0,0,Jake,0,0,0,Richard,0,0,0,7,Atlas,11,Redwoods,10,Atlas,8/1/2020 13:00,0,0,Atlas_Redwoods_08_01_2020
Midfield,0,0,0,0,0,0,Joel,0,0,1,Tinney,0,0,0,1,Atlas,11,Redwoods,10,Atlas,8/1/2020 13:00,0,0,Atlas_Redwoods_08_01_2020
Midfield,0,1,0,0,0,0,John,0,0,0,Crawley,0,0,0,5,Atlas,11,Redwoods,10,Atlas,8/1/2020 13:00,0,0,Atlas_Redwoods_08_01_2020
Midfield,0,0,0,0,0,0,Kevin,0,0,0,Unterstein,0,0,0,0,Atlas,11,Redwoods,10,Atlas,8/1/2020 13:00,0,0,Atlas_Redwoods_08_01_2020
Midfield,0,2,0,0,0,0,Paul,0,0,0,Rabil,0,0,2,6,Atlas,11,Redwoods,10,Atlas,8/1/2020 13:00,0,0,Atlas_Redwoods_08_01_2020
Midfield,0,0,0,0,0,0,Jeremy,0,0,0,Thompson,0,0,0,0,Atlas,11,Redwoods,10,Atlas,8/1/2020 13:00,0,0,Atlas_Redwoods_08_01_2020
Midfield,1,0,2,0,0,0,Romar,0,0,1,Dennis,0,0,0,22,Atlas,11,Redwoods,10,Atlas,8/1/2020 13:00,0,0,Atlas_Redwoods_08_01_2020
Midfield,0,0,0,0,0,0,Brent,0,0,0,Noseworthy,0,0,0,0,Atlas,11,Redwoods,10,Atlas,8/1/2020 13:00,0,0,Atlas_Redwoods_08_01_2020
Midfield,0,0,0,0,0,0,Bryan,2,0,3,Costabile,0,0,2,7,Atlas,11,Redwoods,10,Atlas,8/1/2020 13:00,0,0,Atlas_Redwoods_08_01_2020
Attack,0,1,0,0,0,0,Jordan,3,0,0,Wolf,0,0,3,11,Chrome,13,Chrome,9,Chaos,7/25/2020 19:30,NA,NA,Chaos_Chrome_07_25_2020
Attack,0,1,0,0,0,0,Justin,2,0,0,Guterding,0,0,4,5,Chrome,13,Chrome,9,Chaos,7/25/2020 19:30,NA,NA,Chaos_Chrome_07_25_2020
Attack,0,0,0,0,0,0,Ty,0,0,0,Thompson,0,0,0,0,Chrome,13,Chrome,9,Chaos,7/25/2020 19:30,NA,NA,Chaos_Chrome_07_25_2020
Attack,0,0,0,0,0,0,Brendan,0,0,0,Kavanagh,0,0,0,0,Chrome,13,Chrome,9,Chaos,7/25/2020 19:30,NA,NA,Chaos_Chrome_07_25_2020
Attack,0,0,0,0,0,0,Matt,1,0,0,Gaudet,0,0,0,4,Chrome,13,Chrome,9,Chaos,7/25/2020 19:30,NA,NA,Chaos_Chrome_07_25_2020
Attack,0,0,0,0,0,0,Jesse,1,0,1,King,0,0,1,3,Chrome,13,Chrome,9,Chaos,7/25/2020 19:30,NA,NA,Chaos_Chrome_07_25_2020
Defense,0,0,0,0,0,0,James,0,0,1,Barclay,0,0,0,1,Chrome,13,Chrome,9,Chaos,7/25/2020 19:30,NA,NA,Chaos_Chrome_07_25_2020
Defense,0,0,1,0,0,0,Michael,0,0,4,Manley,0,0,1,9,Chrome,13,Chrome,9,Chaos,7/25/2020 19:30,NA,NA,Chaos_Chrome_07_25_2020
Defense,0,0,0,0,0,0,Foster,0,0,0,Huggins,0,0,0,0,Chrome,13,Chrome,9,Chaos,7/25/2020 19:30,NA,NA,Chaos_Chrome_07_25_2020
Defense,0,0,0,0,0,0,Jesse,0,0,1,Bernhardt,0,0,0,1,Chrome,13,Chrome,9,Chaos,7/25/2020 19:30,NA,NA,Chaos_Chrome_07_25_2020
Defense,0,0,0,0,0,0,Donny,0,0,0,Moss,0,0,0,0,Chrome,13,Chrome,9,Chaos,7/25/2020 19:30,NA,NA,Chaos_Chrome_07_25_2020
Defense,0,0,2,0,0,0,Jake,0,0,2,Pulver,0,0,0,16,Chrome,13,Chrome,9,Chaos,7/25/2020 19:30,NA,NA,Chaos_Chrome_07_25_2020
Defense,0,0,0,0,0,0,Reece,0,0,4,Eddy,0,0,0,4,Chrome,13,Chrome,9,Chaos,7/25/2020 19:30,NA,NA,Chaos_Chrome_07_25_2020
Defense,0,0,1,0,0,0,Eli,0,0,3,Salama,0,0,0,10,Chrome,13,Chrome,9,Chaos,7/25/2020 19:30,NA,NA,Chaos_Chrome_07_25_2020
Faceoff,0,0,0,6,73.91304348,17,Connor,0,0,0,Farrell,0,0,1,15,Chrome,13,Chrome,9,Chaos,7/25/2020 19:30,NA,NA,Chaos_Chrome_07_25_2020
Faceoff,0,0,0,2,0,0,Hunter,0,0,0,Forbes,0,0,0,0,Chrome,13,Chrome,9,Chaos,7/25/2020 19:30,NA,NA,Chaos_Chrome_07_25_2020
Goalie,0,0,0,0,0,0,Brett,0,0,0,Queener,0,0,0,0,Chrome,13,Chrome,9,Chaos,7/25/2020 19:30,NA,NA,Chaos_Chrome_07_25_2020
Goalie,0,0,0,0,0,0,John,0,9,2,Galloway,55,11,1,11,Chrome,13,Chrome,9,Chaos,7/25/2020 19:30,NA,NA,Chaos_Chrome_07_25_2020
Midfield,0,1,0,0,0,0,John,2,0,0,Ranagan,0,0,0,13,Chrome,13,Chrome,9,Chaos,7/25/2020 19:30,NA,NA,Chaos_Chrome_07_25_2020
Midfield,0,0,0,0,0,0,Jordan,1,0,0,MacIntosh,0,0,1,2,Chrome,13,Chrome,9,Chaos,7/25/2020 19:30,NA,NA,Chaos_Chrome_07_25_2020
Midfield,0,0,0,0,0,0,Justin,0,0,0,Turri,0,0,0,0,Chrome,13,Chrome,9,Chaos,7/25/2020 19:30,NA,NA,Chaos_Chrome_07_25_2020
Midfield,0,2,0,0,0,0,Ned,1,0,1,Crotty,0,0,0,15,Chrome,13,Chrome,9,Chaos,7/25/2020 19:30,NA,NA,Chaos_Chrome_07_25_2020
Midfield,0,0,0,0,0,0,Will,1,0,2,Haus,0,0,0,6,Chrome,13,Chrome,9,Chaos,7/25/2020 19:30,NA,NA,Chaos_Chrome_07_25_2020
Midfield,0,0,2,0,0,0,Sam,1,0,1,Duggan,0,0,0,19,Chrome,13,Chrome,9,Chaos,7/25/2020 19:30,NA,NA,Chaos_Chrome_07_25_2020
Midfield,0,0,0,0,0,0,Greg,0,0,0,Coholan,0,0,0,0,Chrome,13,Chrome,9,Chaos,7/25/2020 19:30,NA,NA,Chaos_Chrome_07_25_2020
Attack,0,0,0,0,0,0,Austin,0,0,0,Staats,0,0,1,-2,Chaos,13,Chrome,9,Chaos,7/25/2020 19:30,0,0,Chaos_Chrome_07_25_2020
Attack,0,1,0,0,0,0,Connor,3,0,1,Fields,0,0,3,12,Chaos,13,Chrome,9,Chaos,7/25/2020 19:30,0,0,Chaos_Chrome_07_25_2020
Attack,0,1,0,0,0,0,Curtis,3,0,1,Dickson,0,0,0,18,Chaos,13,Chrome,9,Chaos,7/25/2020 19:30,0,0,Chaos_Chrome_07_25_2020
Attack,0,0,0,0,0,0,Josh,1,0,0,Byrne,0,0,1,2,Chaos,13,Chrome,9,Chaos,7/25/2020 19:30,0,0,Chaos_Chrome_07_25_2020
Attack,0,0,0,0,0,0,Miles,0,0,0,Thompson,0,0,0,0,Chaos,13,Chrome,9,Chaos,7/25/2020 19:30,0,0,Chaos_Chrome_07_25_2020
Defense,0,0,1,0,0,0,Dan,0,0,1,Coates,0,0,0,8,Chaos,13,Chrome,9,Chaos,7/25/2020 19:30,0,0,Chaos_Chrome_07_25_2020
Defense,0,0,2,1,0,0,Jack,0,0,1,Rowlett,0,0,0,14.5,Chaos,13,Chrome,9,Chaos,7/25/2020 19:30,0,0,Chaos_Chrome_07_25_2020
Defense,0,0,2,0,0,0,Jarrod,0,0,6,Neumann,0,0,0,20,Chaos,13,Chrome,9,Chaos,7/25/2020 19:30,0,0,Chaos_Chrome_07_25_2020
Defense,0,0,0,0,0,0,Johnny,0,0,0,Surdick,0,0,0,0,Chaos,13,Chrome,9,Chaos,7/25/2020 19:30,0,0,Chaos_Chrome_07_25_2020
Defense,0,0,0,0,0,0,Matt,0,0,1,Rees,0,0,1,-1,Chaos,13,Chrome,9,Chaos,7/25/2020 19:30,0,0,Chaos_Chrome_07_25_2020
Defense,0,1,0,0,0,0,Troy,0,0,1,Reh,0,0,1,4,Chaos,13,Chrome,9,Chaos,7/25/2020 19:30,0,0,Chaos_Chrome_07_25_2020
Defense,0,0,0,0,0,0,Tyson,0,0,1,Bell,0,0,0,1,Chaos,13,Chrome,9,Chaos,7/25/2020 19:30,0,0,Chaos_Chrome_07_25_2020
Defense,0,0,0,0,0,0,Jason,0,0,0,Noble,0,0,0,0,Chaos,13,Chrome,9,Chaos,7/25/2020 19:30,0,0,Chaos_Chrome_07_25_2020
Faceoff,0,1,0,16,36,9,Thomas,0,0,0,Kelly,0,0,1,6,Chaos,13,Chrome,9,Chaos,7/25/2020 19:30,0,0,Chaos_Chrome_07_25_2020
Faceoff,0,0,0,0,0,0,Austin,0,0,0,Henningsen,0,0,0,0,Chaos,13,Chrome,9,Chaos,7/25/2020 19:30,0,0,Chaos_Chrome_07_25_2020
Goalie,0,0,0,0,0,0,Blaze,0,13,2,Riorden,40.90909091,9,0,6,Chaos,13,Chrome,9,Chaos,7/25/2020 19:30,0,0,Chaos_Chrome_07_25_2020
Goalie,0,0,0,0,0,0,Dillon,0,0,0,Ward,0,0,0,0,Chaos,13,Chrome,9,Chaos,7/25/2020 19:30,0,0,Chaos_Chrome_07_25_2020
Midfield,0,0,0,0,0,0,Dhane,0,0,0,Smith,0,0,1,-2,Chaos,13,Chrome,9,Chaos,7/25/2020 19:30,0,0,Chaos_Chrome_07_25_2020
Midfield,0,0,0,0,0,0,Eric,0,0,0,Scott,0,0,0,0,Chaos,13,Chrome,9,Chaos,7/25/2020 19:30,0,0,Chaos_Chrome_07_25_2020
Midfield,0,1,0,0,0,0,Jake,0,0,2,Froccaro,0,0,1,5,Chaos,13,Chrome,9,Chaos,7/25/2020 19:30,0,0,Chaos_Chrome_07_25_2020
Midfield,0,0,0,0,0,0,Kevin,0,0,0,Buchanan,0,0,0,0,Chaos,13,Chrome,9,Chaos,7/25/2020 19:30,0,0,Chaos_Chrome_07_25_2020
Midfield,0,0,0,0,0,0,Mark,0,0,0,Glicini,0,0,0,0,Chaos,13,Chrome,9,Chaos,7/25/2020 19:30,0,0,Chaos_Chrome_07_25_2020
Midfield,0,0,1,0,0,0,Patrick,1,0,1,Resch,0,0,0,12,Chaos,13,Chrome,9,Chaos,7/25/2020 19:30,0,0,Chaos_Chrome_07_25_2020
Midfield,0,0,0,0,0,0,Sergio,1,0,1,Salcido,0,0,1,3,Chaos,13,Chrome,9,Chaos,7/25/2020 19:30,0,0,Chaos_Chrome_07_25_2020
Attack,0,0,0,0,0,0,Davey,0,0,0,Emala,0,0,0,0,Archers,13,Archers,12,Chrome,7/30/2020 21:30,NA,NA,Chrome_Archers_07_30_2020
Attack,0,1,0,0,0,0,Marcus,0,0,6,Holman,0,0,1,9,Archers,13,Archers,12,Chrome,7/30/2020 21:30,NA,NA,Chrome_Archers_07_30_2020
Attack,0,0,0,0,0,0,Will,3,0,2,Manny,0,0,2,10,Archers,13,Archers,12,Chrome,7/30/2020 21:30,NA,NA,Chrome_Archers_07_30_2020
Attack,0,5,0,0,0,0,Grant,1,0,2,Ament,0,0,2,27,Archers,13,Archers,12,Chrome,7/30/2020 21:30,NA,NA,Chrome_Archers_07_30_2020
Attack,0,0,1,0,0,0,Josh,0,0,2,Currier,0,0,0,9,Archers,13,Archers,12,Chrome,7/30/2020 21:30,NA,NA,Chrome_Archers_07_30_2020
Defense,0,0,0,0,0,0,Curtis,0,0,0,Corley,0,0,0,0,Archers,13,Archers,12,Chrome,7/30/2020 21:30,NA,NA,Chrome_Archers_07_30_2020
Defense,0,0,0,0,0,0,Evan,0,0,0,Connell,0,0,0,0,Archers,13,Archers,12,Chrome,7/30/2020 21:30,NA,NA,Chrome_Archers_07_30_2020
Defense,0,0,3,0,0,0,Matt,0,0,3,McMahon,0,0,0,24,Archers,13,Archers,12,Chrome,7/30/2020 21:30,NA,NA,Chrome_Archers_07_30_2020
Defense,0,0,0,0,0,0,Mike,0,0,0,Simon,0,0,0,0,Archers,13,Archers,12,Chrome,7/30/2020 21:30,NA,NA,Chrome_Archers_07_30_2020
Defense,0,0,0,0,0,0,Scott,1,0,5,Ratliff,0,0,0,9,Archers,13,Archers,12,Chrome,7/30/2020 21:30,NA,NA,Chrome_Archers_07_30_2020
Defense,0,0,0,0,0,0,Eli,0,0,3,Gobrecht,0,0,1,1,Archers,13,Archers,12,Chrome,7/30/2020 21:30,NA,NA,Chrome_Archers_07_30_2020
Defense,0,0,0,0,0,0,Jack,0,0,0,Rapine,0,0,0,0,Archers,13,Archers,12,Chrome,7/30/2020 21:30,NA,NA,Chrome_Archers_07_30_2020
Faceoff,0,0,0,3,78.57142857,11,Brendan,0,0,1,Fowler,0,0,1,18,Archers,13,Archers,12,Chrome,7/30/2020 21:30,NA,NA,Chrome_Archers_07_30_2020
Faceoff,0,0,0,3,76.92307692,10,Stephen,0,0,0,Kelly,0,0,0,19,Archers,13,Archers,12,Chrome,7/30/2020 21:30,NA,NA,Chrome_Archers_07_30_2020
Goalie,0,0,0,0,0,0,Adam,0,3,1,Ghitelman,40,2,0,5,Archers,13,Archers,12,Chrome,7/30/2020 21:30,NA,NA,Chrome_Archers_07_30_2020
Goalie,0,0,0,0,0,0,Drew,0,8,2,Adams,33.33333333,4,0,4,Archers,13,Archers,12,Chrome,7/30/2020 21:30,NA,NA,Chrome_Archers_07_30_2020
Midfield,0,0,0,0,0,0,Austin,0,0,0,Sims,0,0,0,0,Archers,13,Archers,12,Chrome,7/30/2020 21:30,NA,NA,Chrome_Archers_07_30_2020
Midfield,0,0,0,0,0,0,Dominique,0,0,1,Alexander,0,0,1,-1,Archers,13,Archers,12,Chrome,7/30/2020 21:30,NA,NA,Chrome_Archers_07_30_2020
Midfield,1,0,0,0,0,0,Ian,0,0,0,MacKay,0,0,0,7,Archers,13,Archers,12,Chrome,7/30/2020 21:30,NA,NA,Chrome_Archers_07_30_2020
Midfield,0,0,0,0,0,0,Joey,1,0,1,Sankey,0,0,1,3,Archers,13,Archers,12,Chrome,7/30/2020 21:30,NA,NA,Chrome_Archers_07_30_2020
Midfield,0,0,0,0,0,0,Mark,0,0,2,McNeill,0,0,0,2,Archers,13,Archers,12,Chrome,7/30/2020 21:30,NA,NA,Chrome_Archers_07_30_2020
Midfield,0,1,0,0,0,0,Ryan,1,0,0,Ambler,0,0,1,7,Archers,13,Archers,12,Chrome,7/30/2020 21:30,NA,NA,Chrome_Archers_07_30_2020
Midfield,0,0,0,0,0,0,Tom,2,0,0,Schreiber,0,0,5,-2,Archers,13,Archers,12,Chrome,7/30/2020 21:30,NA,NA,Chrome_Archers_07_30_2020
Midfield,0,0,0,0,0,0,Tyler,0,0,0,Pfister,0,0,1,-2,Archers,13,Archers,12,Chrome,7/30/2020 21:30,NA,NA,Chrome_Archers_07_30_2020
Midfield,0,0,0,0,0,0,Christian,2,0,2,Mazzone,0,0,1,8,Archers,13,Archers,12,Chrome,7/30/2020 21:30,NA,NA,Chrome_Archers_07_30_2020
Attack,0,2,1,0,0,0,Jordan,2,0,3,Wolf,0,0,2,24,Chrome,13,Archers,12,Chrome,7/30/2020 21:30,0,0,Chrome_Archers_07_30_2020
Attack,0,1,1,0,0,0,Justin,2,0,1,Guterding,0,0,1,19,Chrome,13,Archers,12,Chrome,7/30/2020 21:30,0,0,Chrome_Archers_07_30_2020
Attack,0,0,0,0,0,0,Ty,0,0,0,Thompson,0,0,0,0,Chrome,13,Archers,12,Chrome,7/30/2020 21:30,0,0,Chrome_Archers_07_30_2020
Attack,0,0,0,0,0,0,Brendan,0,0,1,Kavanagh,0,0,0,1,Chrome,13,Archers,12,Chrome,7/30/2020 21:30,0,0,Chrome_Archers_07_30_2020
Attack,0,0,0,0,0,0,Matt,2,0,2,Gaudet,0,0,1,8,Chrome,13,Archers,12,Chrome,7/30/2020 21:30,0,0,Chrome_Archers_07_30_2020
Attack,0,0,0,0,0,0,Jesse,0,0,1,King,0,0,1,-1,Chrome,13,Archers,12,Chrome,7/30/2020 21:30,0,0,Chrome_Archers_07_30_2020
Defense,0,1,0,0,0,0,James,0,0,4,Barclay,0,0,0,9,Chrome,13,Archers,12,Chrome,7/30/2020 21:30,0,0,Chrome_Archers_07_30_2020
Defense,0,0,1,0,0,0,Michael,1,0,2,Manley,0,0,1,11,Chrome,13,Archers,12,Chrome,7/30/2020 21:30,0,0,Chrome_Archers_07_30_2020
Defense,0,0,0,0,0,0,Foster,0,0,0,Huggins,0,0,0,0,Chrome,13,Archers,12,Chrome,7/30/2020 21:30,0,0,Chrome_Archers_07_30_2020
Defense,0,0,1,0,0,0,Jesse,0,0,2,Bernhardt,0,0,0,9,Chrome,13,Archers,12,Chrome,7/30/2020 21:30,0,0,Chrome_Archers_07_30_2020
Defense,0,0,1,0,0,0,Donny,0,0,0,Moss,0,0,0,7,Chrome,13,Archers,12,Chrome,7/30/2020 21:30,0,0,Chrome_Archers_07_30_2020
Defense,0,0,0,0,0,0,Jake,0,0,0,Pulver,0,0,0,0,Chrome,13,Archers,12,Chrome,7/30/2020 21:30,0,0,Chrome_Archers_07_30_2020
Defense,0,0,3,0,0,0,Reece,0,0,2,Eddy,0,0,1,21,Chrome,13,Archers,12,Chrome,7/30/2020 21:30,0,0,Chrome_Archers_07_30_2020
Defense,0,0,1,0,0,0,Eli,0,0,0,Salama,0,0,0,7,Chrome,13,Archers,12,Chrome,7/30/2020 21:30,0,0,Chrome_Archers_07_30_2020
Faceoff,0,0,1,13,27.77777778,5,Connor,0,0,0,Farrell,0,0,0,7,Chrome,13,Archers,12,Chrome,7/30/2020 21:30,0,0,Chrome_Archers_07_30_2020
Faceoff,0,0,0,8,11.11111111,1,Hunter,0,0,0,Forbes,0,0,0,-6,Chrome,13,Archers,12,Chrome,7/30/2020 21:30,0,0,Chrome_Archers_07_30_2020
Goalie,0,0,0,0,0,0,Brett,0,0,0,Queener,0,0,0,0,Chrome,13,Archers,12,Chrome,7/30/2020 21:30,0,0,Chrome_Archers_07_30_2020
Goalie,0,0,0,0,0,0,John,0,12,0,Galloway,58.62068966,17,0,11,Chrome,13,Archers,12,Chrome,7/30/2020 21:30,0,0,Chrome_Archers_07_30_2020
Midfield,0,0,0,0,0,0,John,0,0,0,Ranagan,0,0,1,-2,Chrome,13,Archers,12,Chrome,7/30/2020 21:30,0,0,Chrome_Archers_07_30_2020
Midfield,0,0,1,0,0,0,Jordan,2,0,2,MacIntosh,0,0,0,17,Chrome,13,Archers,12,Chrome,7/30/2020 21:30,0,0,Chrome_Archers_07_30_2020
Midfield,0,0,0,0,0,0,Justin,0,0,0,Turri,0,0,0,0,Chrome,13,Archers,12,Chrome,7/30/2020 21:30,0,0,Chrome_Archers_07_30_2020
Midfield,0,1,0,0,0,0,Ned,0,0,1,Crotty,0,0,0,6,Chrome,13,Archers,12,Chrome,7/30/2020 21:30,0,0,Chrome_Archers_07_30_2020
Midfield,0,0,0,0,0,0,Will,1,0,2,Haus,0,0,0,6,Chrome,13,Archers,12,Chrome,7/30/2020 21:30,0,0,Chrome_Archers_07_30_2020
Midfield,1,0,0,0,0,0,Sam,0,0,3,Duggan,0,0,0,10,Chrome,13,Archers,12,Chrome,7/30/2020 21:30,0,0,Chrome_Archers_07_30_2020
Midfield,0,0,0,0,0,0,Greg,0,0,0,Coholan,0,0,0,0,Chrome,13,Archers,12,Chrome,7/30/2020 21:30,0,0,Chrome_Archers_07_30_2020
Attack,0,3,0,0,0,0,Clarke,0,0,2,Petterson,0,0,0,17,Redwoods,11,Redwoods,12,Chrome,7/28/2020 21:30,NA,NA,Chrome_Redwoods_07_28_2020
Attack,0,0,0,0,0,0,Jules,0,0,0,Heningburg,0,0,0,0,Redwoods,11,Redwoods,12,Chrome,7/28/2020 21:30,NA,NA,Chrome_Redwoods_07_28_2020
Attack,0,1,0,0,0,0,Matt,1,0,2,Kavanagh,0,0,1,9,Redwoods,11,Redwoods,12,Chrome,7/28/2020 21:30,NA,NA,Chrome_Redwoods_07_28_2020
Attack,0,0,0,0,0,0,Ryder,2,0,0,Garnsey,0,0,5,-2,Redwoods,11,Redwoods,12,Chrome,7/28/2020 21:30,NA,NA,Chrome_Redwoods_07_28_2020
Attack,0,1,0,0,0,0,Brendan,1,0,0,Gleason,0,0,2,5,Redwoods,11,Redwoods,12,Chrome,7/28/2020 21:30,NA,NA,Chrome_Redwoods_07_28_2020
Defense,0,0,1,0,0,0,Eddy,0,0,4,Glazener,0,0,0,11,Redwoods,11,Redwoods,12,Chrome,7/28/2020 21:30,NA,NA,Chrome_Redwoods_07_28_2020
Defense,0,0,2,0,0,0,Garrett,0,0,2,Epple,0,0,0,16,Redwoods,11,Redwoods,12,Chrome,7/28/2020 21:30,NA,NA,Chrome_Redwoods_07_28_2020
Defense,0,0,3,0,0,0,John,0,0,4,Sexton,0,0,1,23,Redwoods,11,Redwoods,12,Chrome,7/28/2020 21:30,NA,NA,Chrome_Redwoods_07_28_2020
Defense,0,0,0,0,0,0,Larken,0,0,0,Kemp,0,0,0,0,Redwoods,11,Redwoods,12,Chrome,7/28/2020 21:30,NA,NA,Chrome_Redwoods_07_28_2020
Defense,0,0,0,0,0,0,Finn,0,0,3,Sullivan,0,0,0,3,Redwoods,11,Redwoods,12,Chrome,7/28/2020 21:30,NA,NA,Chrome_Redwoods_07_28_2020
Defense,0,0,0,0,0,0,Chris,0,0,0,Price,0,0,0,0,Redwoods,11,Redwoods,12,Chrome,7/28/2020 21:30,NA,NA,Chrome_Redwoods_07_28_2020
Faceoff,0,0,0,3,40,2,Greg,0,0,0,Puskuldjian,0,0,0,4,Redwoods,11,Redwoods,12,Chrome,7/28/2020 21:30,NA,NA,Chrome_Redwoods_07_28_2020
Faceoff,0,0,0,9,50,9,Peyton,0,0,0,Smith,0,0,0,9,Redwoods,11,Redwoods,12,Chrome,7/28/2020 21:30,NA,NA,Chrome_Redwoods_07_28_2020
Goalie,0,0,0,0,0,0,Gunnar,0,0,0,Waldt,0,0,0,0,Redwoods,11,Redwoods,12,Chrome,7/28/2020 21:30,NA,NA,Chrome_Redwoods_07_28_2020
Goalie,0,0,0,0,0,0,Tim,0,11,3,Troutner,50,11,0,12,Redwoods,11,Redwoods,12,Chrome,7/28/2020 21:30,NA,NA,Chrome_Redwoods_07_28_2020
Midfield,0,0,0,0,0,0,Myles,1,0,0,Jones,0,0,1,2,Redwoods,11,Redwoods,12,Chrome,7/28/2020 21:30,NA,NA,Chrome_Redwoods_07_28_2020
Midfield,0,0,1,0,0,0,Brent,0,0,1,Adams,0,0,1,6,Redwoods,11,Redwoods,12,Chrome,7/28/2020 21:30,NA,NA,Chrome_Redwoods_07_28_2020
Midfield,0,0,1,0,0,0,Jack,0,0,1,Near,0,0,0,8,Redwoods,11,Redwoods,12,Chrome,7/28/2020 21:30,NA,NA,Chrome_Redwoods_07_28_2020
Midfield,0,0,0,0,0,0,Joe,0,0,0,Walters,0,0,1,-2,Redwoods,11,Redwoods,12,Chrome,7/28/2020 21:30,NA,NA,Chrome_Redwoods_07_28_2020
Midfield,0,0,0,0,0,0,Kyle,1,0,0,Harrison,0,0,1,2,Redwoods,11,Redwoods,12,Chrome,7/28/2020 21:30,NA,NA,Chrome_Redwoods_07_28_2020
Midfield,0,0,0,0,0,0,Nick,0,0,0,Ossello,0,0,0,0,Redwoods,11,Redwoods,12,Chrome,7/28/2020 21:30,NA,NA,Chrome_Redwoods_07_28_2020
Midfield,0,0,0,0,0,0,Patrick,0,0,2,Harbeson,0,0,0,2,Redwoods,11,Redwoods,12,Chrome,7/28/2020 21:30,NA,NA,Chrome_Redwoods_07_28_2020
Midfield,2,0,0,0,0,0,Sergio,1,0,0,Perkovic,0,0,2,14,Redwoods,11,Redwoods,12,Chrome,7/28/2020 21:30,NA,NA,Chrome_Redwoods_07_28_2020
Midfield,0,0,1,0,0,0,Tyler,0,0,0,Dunn,0,0,0,7,Redwoods,11,Redwoods,12,Chrome,7/28/2020 21:30,NA,NA,Chrome_Redwoods_07_28_2020
Midfield,0,0,0,0,0,0,Hugh,0,0,2,Crance,0,0,0,2,Redwoods,11,Redwoods,12,Chrome,7/28/2020 21:30,NA,NA,Chrome_Redwoods_07_28_2020
Attack,0,0,0,0,0,0,Jordan,2,0,3,Wolf,0,0,4,3,Chrome,11,Redwoods,12,Chrome,7/28/2020 21:30,0,0,Chrome_Redwoods_07_28_2020
Attack,0,1,1,0,0,0,Justin,2,0,1,Guterding,0,0,2,17,Chrome,11,Redwoods,12,Chrome,7/28/2020 21:30,0,0,Chrome_Redwoods_07_28_2020
Attack,0,0,0,0,0,0,Ty,0,0,0,Thompson,0,0,0,0,Chrome,11,Redwoods,12,Chrome,7/28/2020 21:30,0,0,Chrome_Redwoods_07_28_2020
Attack,0,0,0,0,0,0,Brendan,0,0,1,Kavanagh,0,0,2,-3,Chrome,11,Redwoods,12,Chrome,7/28/2020 21:30,0,0,Chrome_Redwoods_07_28_2020
Attack,0,0,0,0,0,0,Matt,0,0,0,Gaudet,0,0,3,-6,Chrome,11,Redwoods,12,Chrome,7/28/2020 21:30,0,0,Chrome_Redwoods_07_28_2020
Attack,0,0,0,0,0,0,Jesse,2,0,1,King,0,0,0,9,Chrome,11,Redwoods,12,Chrome,7/28/2020 21:30,0,0,Chrome_Redwoods_07_28_2020
Defense,0,0,0,0,0,0,James,0,0,0,Barclay,0,0,0,0,Chrome,11,Redwoods,12,Chrome,7/28/2020 21:30,0,0,Chrome_Redwoods_07_28_2020
Defense,0,0,0,0,0,0,Michael,0,0,1,Manley,0,0,0,1,Chrome,11,Redwoods,12,Chrome,7/28/2020 21:30,0,0,Chrome_Redwoods_07_28_2020
Defense,0,0,0,0,0,0,Foster,0,0,0,Huggins,0,0,0,0,Chrome,11,Redwoods,12,Chrome,7/28/2020 21:30,0,0,Chrome_Redwoods_07_28_2020
Defense,0,0,2,0,0,0,Jesse,0,0,4,Bernhardt,0,0,2,14,Chrome,11,Redwoods,12,Chrome,7/28/2020 21:30,0,0,Chrome_Redwoods_07_28_2020
Defense,0,0,0,0,0,0,Donny,0,0,0,Moss,0,0,0,0,Chrome,11,Redwoods,12,Chrome,7/28/2020 21:30,0,0,Chrome_Redwoods_07_28_2020
Defense,0,0,0,0,0,0,Jake,0,0,2,Pulver,0,0,1,0,Chrome,11,Redwoods,12,Chrome,7/28/2020 21:30,0,0,Chrome_Redwoods_07_28_2020
Defense,0,0,1,0,0,0,Reece,1,0,2,Eddy,0,0,0,13,Chrome,11,Redwoods,12,Chrome,7/28/2020 21:30,0,0,Chrome_Redwoods_07_28_2020
Defense,1,0,0,0,0,0,Eli,0,0,1,Salama,0,0,0,8,Chrome,11,Redwoods,12,Chrome,7/28/2020 21:30,0,0,Chrome_Redwoods_07_28_2020
Faceoff,0,0,0,10,54.54545455,12,Connor,0,0,0,Farrell,0,0,2,5,Chrome,11,Redwoods,12,Chrome,7/28/2020 21:30,0,0,Chrome_Redwoods_07_28_2020
Faceoff,0,0,0,1,0,0,Hunter,0,0,0,Forbes,0,0,0,0,Chrome,11,Redwoods,12,Chrome,7/28/2020 21:30,0,0,Chrome_Redwoods_07_28_2020
Goalie,0,0,0,0,0,0,Brett,0,0,0,Queener,0,0,0,0,Chrome,11,Redwoods,12,Chrome,7/28/2020 21:30,0,0,Chrome_Redwoods_07_28_2020
Goalie,0,0,0,0,0,0,John,0,9,2,Galloway,50,9,0,11,Chrome,11,Redwoods,12,Chrome,7/28/2020 21:30,0,0,Chrome_Redwoods_07_28_2020
Midfield,0,1,0,0,0,0,John,0,0,0,Ranagan,0,0,1,3,Chrome,11,Redwoods,12,Chrome,7/28/2020 21:30,0,0,Chrome_Redwoods_07_28_2020
Midfield,0,1,0,0,0,0,Jordan,1,0,1,MacIntosh,0,0,0,10,Chrome,11,Redwoods,12,Chrome,7/28/2020 21:30,0,0,Chrome_Redwoods_07_28_2020
Midfield,0,0,0,0,0,0,Justin,0,0,0,Turri,0,0,0,0,Chrome,11,Redwoods,12,Chrome,7/28/2020 21:30,0,0,Chrome_Redwoods_07_28_2020
Midfield,0,2,0,0,0,0,Ned,2,0,0,Crotty,0,0,2,14,Chrome,11,Redwoods,12,Chrome,7/28/2020 21:30,0,0,Chrome_Redwoods_07_28_2020
Midfield,0,1,0,0,0,0,Will,0,0,2,Haus,0,0,0,7,Chrome,11,Redwoods,12,Chrome,7/28/2020 21:30,0,0,Chrome_Redwoods_07_28_2020
Midfield,0,0,0,0,0,0,Sam,0,0,1,Duggan,0,0,0,1,Chrome,11,Redwoods,12,Chrome,7/28/2020 21:30,0,0,Chrome_Redwoods_07_28_2020
Midfield,0,0,0,0,0,0,Greg,0,0,0,Coholan,0,0,0,0,Chrome,11,Redwoods,12,Chrome,7/28/2020 21:30,0,0,Chrome_Redwoods_07_28_2020
Attack,0,0,0,0,0,0,Austin,0,0,1,Staats,0,0,1,-1,Chaos,7,Chaos,8,Redwoods,7/29/2020 23:00,NA,NA,Redwoods_Chaos_07_29_2020
Attack,0,0,0,0,0,0,Connor,1,0,0,Fields,0,0,1,2,Chaos,7,Chaos,8,Redwoods,7/29/2020 23:00,NA,NA,Redwoods_Chaos_07_29_2020
Attack,0,2,0,0,0,0,Curtis,1,0,3,Dickson,0,0,1,15,Chaos,7,Chaos,8,Redwoods,7/29/2020 23:00,NA,NA,Redwoods_Chaos_07_29_2020
Attack,0,0,2,0,0,0,Josh,2,0,1,Byrne,0,0,2,19,Chaos,7,Chaos,8,Redwoods,7/29/2020 23:00,NA,NA,Redwoods_Chaos_07_29_2020
Attack,0,0,0,0,0,0,Miles,0,0,0,Thompson,0,0,1,-2,Chaos,7,Chaos,8,Redwoods,7/29/2020 23:00,NA,NA,Redwoods_Chaos_07_29_2020
Defense,0,0,0,0,0,0,Dan,0,0,0,Coates,0,0,0,0,Chaos,7,Chaos,8,Redwoods,7/29/2020 23:00,NA,NA,Redwoods_Chaos_07_29_2020
Defense,0,0,2,0,0,0,Jack,0,0,3,Rowlett,0,0,1,15,Chaos,7,Chaos,8,Redwoods,7/29/2020 23:00,NA,NA,Redwoods_Chaos_07_29_2020
Defense,0,0,0,0,0,0,Jarrod,0,0,1,Neumann,0,0,3,-5,Chaos,7,Chaos,8,Redwoods,7/29/2020 23:00,NA,NA,Redwoods_Chaos_07_29_2020
Defense,0,0,0,0,0,0,Johnny,0,0,0,Surdick,0,0,0,0,Chaos,7,Chaos,8,Redwoods,7/29/2020 23:00,NA,NA,Redwoods_Chaos_07_29_2020
Defense,0,0,0,0,0,0,Matt,0,0,3,Rees,0,0,1,1,Chaos,7,Chaos,8,Redwoods,7/29/2020 23:00,NA,NA,Redwoods_Chaos_07_29_2020
Defense,1,0,0,0,0,0,Troy,0,0,5,Reh,0,0,0,12,Chaos,7,Chaos,8,Redwoods,7/29/2020 23:00,NA,NA,Redwoods_Chaos_07_29_2020
Defense,0,0,1,0,0,0,Tyson,0,0,0,Bell,0,0,0,7,Chaos,7,Chaos,8,Redwoods,7/29/2020 23:00,NA,NA,Redwoods_Chaos_07_29_2020
Defense,0,0,0,0,0,0,Jason,0,0,0,Noble,0,0,0,0,Chaos,7,Chaos,8,Redwoods,7/29/2020 23:00,NA,NA,Redwoods_Chaos_07_29_2020
Faceoff,0,0,0,5,70.58823529,12,Thomas,0,0,2,Kelly,0,0,0,19,Chaos,7,Chaos,8,Redwoods,7/29/2020 23:00,NA,NA,Redwoods_Chaos_07_29_2020
Faceoff,0,0,0,0,0,0,Austin,0,0,0,Henningsen,0,0,0,0,Chaos,7,Chaos,8,Redwoods,7/29/2020 23:00,NA,NA,Redwoods_Chaos_07_29_2020
Goalie,0,0,0,0,0,0,Blaze,0,7,0,Riorden,73.07692308,19,0,17,Chaos,7,Chaos,8,Redwoods,7/29/2020 23:00,NA,NA,Redwoods_Chaos_07_29_2020
Goalie,0,0,0,0,0,0,Dillon,0,0,0,Ward,0,0,0,0,Chaos,7,Chaos,8,Redwoods,7/29/2020 23:00,NA,NA,Redwoods_Chaos_07_29_2020
Midfield,0,0,0,0,0,0,Dhane,0,0,0,Smith,0,0,1,-2,Chaos,7,Chaos,8,Redwoods,7/29/2020 23:00,NA,NA,Redwoods_Chaos_07_29_2020
Midfield,0,0,1,0,0,0,Eric,0,0,1,Scott,0,0,1,6,Chaos,7,Chaos,8,Redwoods,7/29/2020 23:00,NA,NA,Redwoods_Chaos_07_29_2020
Midfield,0,0,1,0,0,0,Jake,1,0,2,Froccaro,0,0,2,9,Chaos,7,Chaos,8,Redwoods,7/29/2020 23:00,NA,NA,Redwoods_Chaos_07_29_2020
Midfield,0,0,0,0,0,0,Kevin,0,0,1,Buchanan,0,0,1,-1,Chaos,7,Chaos,8,Redwoods,7/29/2020 23:00,NA,NA,Redwoods_Chaos_07_29_2020
Midfield,0,0,2,0,0,0,Mark,0,0,3,Glicini,0,0,0,17,Chaos,7,Chaos,8,Redwoods,7/29/2020 23:00,NA,NA,Redwoods_Chaos_07_29_2020
Midfield,0,0,0,0,0,0,Patrick,0,0,2,Resch,0,0,1,0,Chaos,7,Chaos,8,Redwoods,7/29/2020 23:00,NA,NA,Redwoods_Chaos_07_29_2020
Midfield,0,0,0,0,0,0,Sergio,0,0,2,Salcido,0,0,0,2,Chaos,7,Chaos,8,Redwoods,7/29/2020 23:00,NA,NA,Redwoods_Chaos_07_29_2020
Attack,0,0,0,0,0,0,Clarke,1,0,1,Petterson,0,0,0,5,Redwoods,7,Chaos,8,Redwoods,7/29/2020 23:00,0,0,Redwoods_Chaos_07_29_2020
Attack,0,0,0,0,0,0,Jules,0,0,0,Heningburg,0,0,0,0,Redwoods,7,Chaos,8,Redwoods,7/29/2020 23:00,0,0,Redwoods_Chaos_07_29_2020
Attack,0,0,0,0,0,0,Matt,0,0,2,Kavanagh,0,0,3,-4,Redwoods,7,Chaos,8,Redwoods,7/29/2020 23:00,0,0,Redwoods_Chaos_07_29_2020
Attack,0,0,0,0,0,0,Ryder,2,0,0,Garnsey,0,0,1,6,Redwoods,7,Chaos,8,Redwoods,7/29/2020 23:00,0,0,Redwoods_Chaos_07_29_2020
Attack,0,0,0,0,0,0,Brendan,1,0,0,Gleason,0,0,0,4,Redwoods,7,Chaos,8,Redwoods,7/29/2020 23:00,0,0,Redwoods_Chaos_07_29_2020
Defense,0,0,0,0,0,0,Eddy,0,0,0,Glazener,0,0,0,0,Redwoods,7,Chaos,8,Redwoods,7/29/2020 23:00,0,0,Redwoods_Chaos_07_29_2020
Defense,0,0,0,0,0,0,Garrett,0,0,0,Epple,0,0,0,0,Redwoods,7,Chaos,8,Redwoods,7/29/2020 23:00,0,0,Redwoods_Chaos_07_29_2020
Defense,0,0,1,0,0,0,John,0,0,1,Sexton,0,0,0,8,Redwoods,7,Chaos,8,Redwoods,7/29/2020 23:00,0,0,Redwoods_Chaos_07_29_2020
Defense,0,0,0,0,0,0,Larken,0,0,0,Kemp,0,0,0,0,Redwoods,7,Chaos,8,Redwoods,7/29/2020 23:00,0,0,Redwoods_Chaos_07_29_2020
Defense,0,0,0,0,0,0,Finn,0,0,0,Sullivan,0,0,0,0,Redwoods,7,Chaos,8,Redwoods,7/29/2020 23:00,0,0,Redwoods_Chaos_07_29_2020
Defense,0,0,1,0,0,0,Chris,0,0,0,Price,0,0,0,7,Redwoods,7,Chaos,8,Redwoods,7/29/2020 23:00,0,0,Redwoods_Chaos_07_29_2020
Faceoff,0,1,0,5,37.5,3,Greg,0,0,0,Puskuldjian,0,0,0,8,Redwoods,7,Chaos,8,Redwoods,7/29/2020 23:00,0,0,Redwoods_Chaos_07_29_2020
Faceoff,0,0,0,7,22.22222222,2,Peyton,0,0,0,Smith,0,0,0,-2,Redwoods,7,Chaos,8,Redwoods,7/29/2020 23:00,0,0,Redwoods_Chaos_07_29_2020
Goalie,0,0,0,0,0,0,Gunnar,0,0,0,Waldt,0,0,0,0,Redwoods,7,Chaos,8,Redwoods,7/29/2020 23:00,0,0,Redwoods_Chaos_07_29_2020
Goalie,0,0,0,0,0,0,Tim,0,6,2,Troutner,76,19,1,19,Redwoods,7,Chaos,8,Redwoods,7/29/2020 23:00,0,0,Redwoods_Chaos_07_29_2020
Midfield,0,2,0,0,0,0,Myles,1,0,1,Jones,0,0,4,7,Redwoods,7,Chaos,8,Redwoods,7/29/2020 23:00,0,0,Redwoods_Chaos_07_29_2020
Midfield,0,0,0,0,0,0,Brent,0,0,1,Adams,0,0,1,-1,Redwoods,7,Chaos,8,Redwoods,7/29/2020 23:00,0,0,Redwoods_Chaos_07_29_2020
Midfield,0,1,1,0,0,0,Jack,0,0,1,Near,0,0,0,13,Redwoods,7,Chaos,8,Redwoods,7/29/2020 23:00,0,0,Redwoods_Chaos_07_29_2020
Midfield,0,1,0,0,0,0,Joe,1,0,0,Walters,0,0,1,7,Redwoods,7,Chaos,8,Redwoods,7/29/2020 23:00,0,0,Redwoods_Chaos_07_29_2020
Midfield,0,0,0,0,0,0,Kyle,0,0,1,Harrison,0,0,0,1,Redwoods,7,Chaos,8,Redwoods,7/29/2020 23:00,0,0,Redwoods_Chaos_07_29_2020
Midfield,0,0,1,0,0,0,Nick,0,0,1,Ossello,0,0,0,8,Redwoods,7,Chaos,8,Redwoods,7/29/2020 23:00,0,0,Redwoods_Chaos_07_29_2020
Midfield,0,0,0,0,0,0,Patrick,0,0,1,Harbeson,0,0,1,-1,Redwoods,7,Chaos,8,Redwoods,7/29/2020 23:00,0,0,Redwoods_Chaos_07_29_2020
Midfield,1,0,0,0,0,0,Sergio,0,0,0,Perkovic,0,0,0,7,Redwoods,7,Chaos,8,Redwoods,7/29/2020 23:00,0,0,Redwoods_Chaos_07_29_2020
Midfield,0,0,1,0,0,0,Tyler,0,0,0,Dunn,0,0,0,7,Redwoods,7,Chaos,8,Redwoods,7/29/2020 23:00,0,0,Redwoods_Chaos_07_29_2020
Midfield,0,0,1,0,0,0,Hugh,0,0,2,Crance,0,0,1,7,Redwoods,7,Chaos,8,Redwoods,7/29/2020 23:00,0,0,Redwoods_Chaos_07_29_2020
Attack,0,0,0,0,0,0,Dylan,0,0,0,Maltz,0,0,0,0,Whipsnakes,13,Whipsnakes,9,Redwoods,7/25/2020 16:00,NA,NA,Redwoods_Whipsnakes_07_25_2020
Attack,0,0,0,0,0,0,Jay,1,0,4,Carlson,0,0,0,8,Whipsnakes,13,Whipsnakes,9,Redwoods,7/25/2020 16:00,NA,NA,Redwoods_Whipsnakes_07_25_2020
Attack,0,2,0,0,0,0,Matt,1,0,0,Rambo,0,0,3,8,Whipsnakes,13,Whipsnakes,9,Redwoods,7/25/2020 16:00,NA,NA,Redwoods_Whipsnakes_07_25_2020
Attack,0,1,0,0,0,0,Brad,1,0,1,Smith,0,0,2,6,Whipsnakes,13,Whipsnakes,9,Redwoods,7/25/2020 16:00,NA,NA,Redwoods_Whipsnakes_07_25_2020
Attack,0,0,0,0,0,0,Zed,3,0,1,Williams,0,0,3,7,Whipsnakes,13,Whipsnakes,9,Redwoods,7/25/2020 16:00,NA,NA,Redwoods_Whipsnakes_07_25_2020
Defense,0,0,0,0,0,0,Brett,0,0,0,Schmidt,0,0,0,0,Whipsnakes,13,Whipsnakes,9,Redwoods,7/25/2020 16:00,NA,NA,Redwoods_Whipsnakes_07_25_2020
Defense,0,0,0,0,0,0,Bryce,0,0,4,Young,0,0,0,4,Whipsnakes,13,Whipsnakes,9,Redwoods,7/25/2020 16:00,NA,NA,Redwoods_Whipsnakes_07_25_2020
Defense,0,0,0,0,0,0,Matthew,0,0,1,Dunn,0,0,1,-1,Whipsnakes,13,Whipsnakes,9,Redwoods,7/25/2020 16:00,NA,NA,Redwoods_Whipsnakes_07_25_2020
Defense,0,1,3,0,0,0,Michael,0,0,7,Ehrhardt,0,0,0,33,Whipsnakes,13,Whipsnakes,9,Redwoods,7/25/2020 16:00,NA,NA,Redwoods_Whipsnakes_07_25_2020
Defense,0,0,0,0,0,0,Tim,1,0,1,Muller,0,0,0,5,Whipsnakes,13,Whipsnakes,9,Redwoods,7/25/2020 16:00,NA,NA,Redwoods_Whipsnakes_07_25_2020
Defense,0,0,0,0,0,0,Sean,0,0,0,New,0,0,0,0,Whipsnakes,13,Whipsnakes,9,Redwoods,7/25/2020 16:00,NA,NA,Redwoods_Whipsnakes_07_25_2020
Faceoff,0,0,0,7,66.66666667,14,Joseph,2,0,2,Nardella,0,0,1,23,Whipsnakes,13,Whipsnakes,9,Redwoods,7/25/2020 16:00,NA,NA,Redwoods_Whipsnakes_07_25_2020
Goalie,0,0,0,0,0,0,Jacob,0,0,0,Stover,0,0,0,0,Whipsnakes,13,Whipsnakes,9,Redwoods,7/25/2020 16:00,NA,NA,Redwoods_Whipsnakes_07_25_2020
Goalie,0,0,0,0,0,0,Kyle,0,8,3,Bernlohr,65.2173913,15,0,18,Whipsnakes,13,Whipsnakes,9,Redwoods,7/25/2020 16:00,NA,NA,Redwoods_Whipsnakes_07_25_2020
Midfield,0,0,0,0,0,0,Max,1,0,1,Tuttle,0,0,0,5,Whipsnakes,13,Whipsnakes,9,Redwoods,7/25/2020 16:00,NA,NA,Redwoods_Whipsnakes_07_25_2020
Midfield,0,0,0,0,0,0,Isaac,0,0,0,Paparo,0,0,0,0,Whipsnakes,13,Whipsnakes,9,Redwoods,7/25/2020 16:00,NA,NA,Redwoods_Whipsnakes_07_25_2020
Midfield,0,0,0,0,0,0,Jake,0,0,0,Bernhardt,0,0,0,0,Whipsnakes,13,Whipsnakes,9,Redwoods,7/25/2020 16:00,NA,NA,Redwoods_Whipsnakes_07_25_2020
Midfield,0,0,0,0,0,0,Jeremy,0,0,0,Sieverts,0,0,0,0,Whipsnakes,13,Whipsnakes,9,Redwoods,7/25/2020 16:00,NA,NA,Redwoods_Whipsnakes_07_25_2020
Midfield,0,0,0,0,0,0,Joe,1,0,1,Locascio,0,0,1,3,Whipsnakes,13,Whipsnakes,9,Redwoods,7/25/2020 16:00,NA,NA,Redwoods_Whipsnakes_07_25_2020
Midfield,0,0,0,0,0,0,John,2,0,2,Haus,0,0,3,4,Whipsnakes,13,Whipsnakes,9,Redwoods,7/25/2020 16:00,NA,NA,Redwoods_Whipsnakes_07_25_2020
Midfield,0,0,0,1,0,1,Joseph,0,0,0,McCallion,0,0,0,0.5,Whipsnakes,13,Whipsnakes,9,Redwoods,7/25/2020 16:00,NA,NA,Redwoods_Whipsnakes_07_25_2020
Midfield,0,1,0,0,0,0,Mike,0,0,1,Chanenchuk,0,0,2,2,Whipsnakes,13,Whipsnakes,9,Redwoods,7/25/2020 16:00,NA,NA,Redwoods_Whipsnakes_07_25_2020
Midfield,0,0,0,0,0,0,Tyler,0,0,2,Warner,0,0,0,2,Whipsnakes,13,Whipsnakes,9,Redwoods,7/25/2020 16:00,NA,NA,Redwoods_Whipsnakes_07_25_2020
Midfield,0,0,0,0,0,0,TJ,0,0,0,Comizio,0,0,1,-2,Whipsnakes,13,Whipsnakes,9,Redwoods,7/25/2020 16:00,NA,NA,Redwoods_Whipsnakes_07_25_2020
Midfield,0,0,0,0,0,0,Matt,0,0,0,Hubler,0,0,0,0,Whipsnakes,13,Whipsnakes,9,Redwoods,7/25/2020 16:00,NA,NA,Redwoods_Whipsnakes_07_25_2020
Attack,0,0,0,0,0,0,Clarke,2,0,0,Petterson,0,0,0,8,Redwoods,13,Whipsnakes,9,Redwoods,7/25/2020 16:00,0,0,Redwoods_Whipsnakes_07_25_2020
Attack,0,0,0,0,0,0,Jules,0,0,0,Heningburg,0,0,0,0,Redwoods,13,Whipsnakes,9,Redwoods,7/25/2020 16:00,0,0,Redwoods_Whipsnakes_07_25_2020
Attack,0,1,0,0,0,0,Matt,2,0,1,Kavanagh,0,0,1,12,Redwoods,13,Whipsnakes,9,Redwoods,7/25/2020 16:00,0,0,Redwoods_Whipsnakes_07_25_2020
Attack,0,1,0,0,0,0,Ryder,0,0,0,Garnsey,0,0,0,5,Redwoods,13,Whipsnakes,9,Redwoods,7/25/2020 16:00,0,0,Redwoods_Whipsnakes_07_25_2020
Attack,0,0,0,0,0,0,Brendan,0,0,0,Gleason,0,0,0,0,Redwoods,13,Whipsnakes,9,Redwoods,7/25/2020 16:00,0,0,Redwoods_Whipsnakes_07_25_2020
Defense,0,0,0,0,0,0,Eddy,0,0,2,Glazener,0,0,0,2,Redwoods,13,Whipsnakes,9,Redwoods,7/25/2020 16:00,0,0,Redwoods_Whipsnakes_07_25_2020
Defense,0,0,3,0,0,0,Garrett,0,0,5,Epple,0,0,2,22,Redwoods,13,Whipsnakes,9,Redwoods,7/25/2020 16:00,0,0,Redwoods_Whipsnakes_07_25_2020
Defense,0,0,2,0,0,0,John,0,0,1,Sexton,0,0,0,15,Redwoods,13,Whipsnakes,9,Redwoods,7/25/2020 16:00,0,0,Redwoods_Whipsnakes_07_25_2020
Defense,0,0,0,0,0,0,Larken,0,0,0,Kemp,0,0,0,0,Redwoods,13,Whipsnakes,9,Redwoods,7/25/2020 16:00,0,0,Redwoods_Whipsnakes_07_25_2020
Defense,0,0,1,0,0,0,Finn,0,0,1,Sullivan,0,0,0,8,Redwoods,13,Whipsnakes,9,Redwoods,7/25/2020 16:00,0,0,Redwoods_Whipsnakes_07_25_2020
Defense,0,0,0,0,0,0,Chris,0,0,0,Price,0,0,0,0,Redwoods,13,Whipsnakes,9,Redwoods,7/25/2020 16:00,0,0,Redwoods_Whipsnakes_07_25_2020
Faceoff,0,0,0,10,23.07692308,3,Greg,0,0,0,Puskuldjian,0,0,0,-2,Redwoods,13,Whipsnakes,9,Redwoods,7/25/2020 16:00,0,0,Redwoods_Whipsnakes_07_25_2020
Faceoff,0,0,0,3,62.5,5,Peyton,0,0,0,Smith,0,0,1,11,Redwoods,13,Whipsnakes,9,Redwoods,7/25/2020 16:00,0,0,Redwoods_Whipsnakes_07_25_2020
Goalie,0,0,0,0,0,0,Gunnar,0,0,0,Waldt,0,0,0,0,Redwoods,13,Whipsnakes,9,Redwoods,7/25/2020 16:00,0,0,Redwoods_Whipsnakes_07_25_2020
Goalie,0,0,1,0,0,0,Tim,0,13,2,Troutner,35,7,0,12,Redwoods,13,Whipsnakes,9,Redwoods,7/25/2020 16:00,0,0,Redwoods_Whipsnakes_07_25_2020
Midfield,0,1,0,0,0,0,Myles,1,0,0,Jones,0,0,4,1,Redwoods,13,Whipsnakes,9,Redwoods,7/25/2020 16:00,0,0,Redwoods_Whipsnakes_07_25_2020
Midfield,0,0,0,0,0,0,Brent,0,0,3,Adams,0,0,0,3,Redwoods,13,Whipsnakes,9,Redwoods,7/25/2020 16:00,0,0,Redwoods_Whipsnakes_07_25_2020
Midfield,0,0,0,0,0,0,Jack,0,0,1,Near,0,0,0,1,Redwoods,13,Whipsnakes,9,Redwoods,7/25/2020 16:00,0,0,Redwoods_Whipsnakes_07_25_2020
Midfield,0,0,0,0,0,0,Joe,0,0,0,Walters,0,0,1,-2,Redwoods,13,Whipsnakes,9,Redwoods,7/25/2020 16:00,0,0,Redwoods_Whipsnakes_07_25_2020
Midfield,1,0,0,0,0,0,Kyle,0,0,1,Harrison,0,0,0,8,Redwoods,13,Whipsnakes,9,Redwoods,7/25/2020 16:00,0,0,Redwoods_Whipsnakes_07_25_2020
Midfield,0,0,0,2,0,0,Nick,0,0,0,Ossello,0,0,0,-1,Redwoods,13,Whipsnakes,9,Redwoods,7/25/2020 16:00,0,0,Redwoods_Whipsnakes_07_25_2020
Midfield,0,0,2,0,0,0,Patrick,0,0,2,Harbeson,0,0,0,16,Redwoods,13,Whipsnakes,9,Redwoods,7/25/2020 16:00,0,0,Redwoods_Whipsnakes_07_25_2020
Midfield,1,0,0,0,0,0,Sergio,0,0,0,Perkovic,0,0,1,5,Redwoods,13,Whipsnakes,9,Redwoods,7/25/2020 16:00,0,0,Redwoods_Whipsnakes_07_25_2020
Midfield,0,0,0,0,0,0,Tyler,0,0,0,Dunn,0,0,0,0,Redwoods,13,Whipsnakes,9,Redwoods,7/25/2020 16:00,0,0,Redwoods_Whipsnakes_07_25_2020
Midfield,0,0,0,0,0,0,Hugh,0,0,1,Crance,0,0,0,1,Redwoods,13,Whipsnakes,9,Redwoods,7/25/2020 16:00,0,0,Redwoods_Whipsnakes_07_25_2020
Attack,0,0,0,0,0,0,Chris,2,0,0,Cloutier,0,0,1,6,Atlas,11,Atlas,10,Waterdogs,7/26/2020 16:00,NA,NA,Waterdogs_Atlas_07_26_2020
Attack,0,0,1,0,0,0,Eric,4,0,2,Law,0,0,1,23,Atlas,11,Atlas,10,Waterdogs,7/26/2020 16:00,NA,NA,Waterdogs_Atlas_07_26_2020
Attack,0,0,0,0,0,0,James,0,0,0,Pannell,0,0,0,0,Atlas,11,Atlas,10,Waterdogs,7/26/2020 16:00,NA,NA,Waterdogs_Atlas_07_26_2020
Attack,0,0,0,0,0,0,Ryan,2,0,0,Brown,0,0,1,6,Atlas,11,Atlas,10,Waterdogs,7/26/2020 16:00,NA,NA,Waterdogs_Atlas_07_26_2020
Attack,0,3,0,0,0,0,Rob,1,0,2,Pannell,0,0,2,17,Atlas,11,Atlas,10,Waterdogs,7/26/2020 16:00,NA,NA,Waterdogs_Atlas_07_26_2020
Defense,0,0,1,0,0,0,Austin,0,0,3,Pifani,0,0,1,8,Atlas,11,Atlas,10,Waterdogs,7/26/2020 16:00,NA,NA,Waterdogs_Atlas_07_26_2020
Defense,0,0,2,0,0,0,Cade,0,0,4,Van Raaphorst,0,0,1,16,Atlas,11,Atlas,10,Waterdogs,7/26/2020 16:00,NA,NA,Waterdogs_Atlas_07_26_2020
Defense,0,0,0,0,0,0,Callum,0,0,2,Robinson,0,0,0,2,Atlas,11,Atlas,10,Waterdogs,7/26/2020 16:00,NA,NA,Waterdogs_Atlas_07_26_2020
Defense,0,0,0,0,0,0,Kyle,0,0,1,Hartzell,0,0,0,1,Atlas,11,Atlas,10,Waterdogs,7/26/2020 16:00,NA,NA,Waterdogs_Atlas_07_26_2020
Defense,0,0,0,0,0,0,Tucker,0,0,0,Durkin,0,0,0,0,Atlas,11,Atlas,10,Waterdogs,7/26/2020 16:00,NA,NA,Waterdogs_Atlas_07_26_2020
Defense,0,1,0,0,0,0,Craig,0,0,1,Chick,0,0,0,6,Atlas,11,Atlas,10,Waterdogs,7/26/2020 16:00,NA,NA,Waterdogs_Atlas_07_26_2020
Faceoff,0,0,0,13,45.83333333,11,Trevor,0,0,0,Baptiste,0,0,0,5,Atlas,11,Atlas,10,Waterdogs,7/26/2020 16:00,NA,NA,Waterdogs_Atlas_07_26_2020
Goalie,0,0,0,0,0,0,Jack,0,10,1,Concannon,60,15,1,12,Atlas,11,Atlas,10,Waterdogs,7/26/2020 16:00,NA,NA,Waterdogs_Atlas_07_26_2020
Goalie,0,0,0,0,0,0,Scott,0,0,0,Rodgers,0,0,0,0,Atlas,11,Atlas,10,Waterdogs,7/26/2020 16:00,NA,NA,Waterdogs_Atlas_07_26_2020
Midfield,0,0,0,0,0,0,Andrew,0,0,0,Hodgson,0,0,0,0,Atlas,11,Atlas,10,Waterdogs,7/26/2020 16:00,NA,NA,Waterdogs_Atlas_07_26_2020
Midfield,0,0,0,0,0,0,Connor,1,0,0,Buczek,0,0,1,2,Atlas,11,Atlas,10,Waterdogs,7/26/2020 16:00,NA,NA,Waterdogs_Atlas_07_26_2020
Midfield,0,0,0,0,0,0,Jake,0,0,1,Richard,0,0,0,1,Atlas,11,Atlas,10,Waterdogs,7/26/2020 16:00,NA,NA,Waterdogs_Atlas_07_26_2020
Midfield,0,0,0,0,0,0,Joel,0,0,2,Tinney,0,0,1,0,Atlas,11,Atlas,10,Waterdogs,7/26/2020 16:00,NA,NA,Waterdogs_Atlas_07_26_2020
Midfield,0,0,0,0,0,0,John,0,0,0,Crawley,0,0,0,0,Atlas,11,Atlas,10,Waterdogs,7/26/2020 16:00,NA,NA,Waterdogs_Atlas_07_26_2020
Midfield,0,0,2,0,0,0,Kevin,0,0,2,Unterstein,0,0,1,14,Atlas,11,Atlas,10,Waterdogs,7/26/2020 16:00,NA,NA,Waterdogs_Atlas_07_26_2020
Midfield,0,0,0,0,0,0,Paul,0,0,1,Rabil,0,0,0,1,Atlas,11,Atlas,10,Waterdogs,7/26/2020 16:00,NA,NA,Waterdogs_Atlas_07_26_2020
Midfield,0,0,0,1,0,0,Jeremy,0,0,0,Thompson,0,0,0,-0.5,Atlas,11,Atlas,10,Waterdogs,7/26/2020 16:00,NA,NA,Waterdogs_Atlas_07_26_2020
Midfield,0,1,0,0,0,0,Romar,0,0,3,Dennis,0,0,2,4,Atlas,11,Atlas,10,Waterdogs,7/26/2020 16:00,NA,NA,Waterdogs_Atlas_07_26_2020
Midfield,0,0,0,0,0,0,Brent,0,0,0,Noseworthy,0,0,0,0,Atlas,11,Atlas,10,Waterdogs,7/26/2020 16:00,NA,NA,Waterdogs_Atlas_07_26_2020
Midfield,0,1,0,0,0,0,Bryan,1,0,1,Costabile,0,0,1,8,Atlas,11,Atlas,10,Waterdogs,7/26/2020 16:00,NA,NA,Waterdogs_Atlas_07_26_2020
Attack,0,0,0,0,0,0,Christian,0,0,0,Cuccinello,0,0,0,0,Waterdogs,11,Atlas,10,Waterdogs,7/26/2020 16:00,0,0,Waterdogs_Atlas_07_26_2020
Attack,0,2,0,0,0,0,Kieran,2,0,0,McArdle,0,0,2,14,Waterdogs,11,Atlas,10,Waterdogs,7/26/2020 16:00,0,0,Waterdogs_Atlas_07_26_2020
Attack,0,1,0,0,0,0,Wes,0,0,0,Berg,0,0,2,1,Waterdogs,11,Atlas,10,Waterdogs,7/26/2020 16:00,0,0,Waterdogs_Atlas_07_26_2020
Attack,0,1,0,0,0,0,Ben,0,0,0,Reeves,0,0,0,5,Waterdogs,11,Atlas,10,Waterdogs,7/26/2020 16:00,0,0,Waterdogs_Atlas_07_26_2020
Attack,0,1,0,0,0,0,Ryan,2,0,3,Drenner,0,0,2,12,Waterdogs,11,Atlas,10,Waterdogs,7/26/2020 16:00,0,0,Waterdogs_Atlas_07_26_2020
Defense,0,0,1,0,0,0,Noah,0,0,3,Richard,0,0,1,8,Waterdogs,11,Atlas,10,Waterdogs,7/26/2020 16:00,0,0,Waterdogs_Atlas_07_26_2020
Defense,0,0,0,0,0,0,Brodie,0,0,2,Merrill,0,0,0,2,Waterdogs,11,Atlas,10,Waterdogs,7/26/2020 16:00,0,0,Waterdogs_Atlas_07_26_2020
Defense,0,0,1,0,0,0,BJ,0,0,2,Grill,0,0,1,7,Waterdogs,11,Atlas,10,Waterdogs,7/26/2020 16:00,0,0,Waterdogs_Atlas_07_26_2020
Defense,0,0,3,0,0,0,Chris,0,0,1,Sabia,0,0,0,22,Waterdogs,11,Atlas,10,Waterdogs,7/26/2020 16:00,0,0,Waterdogs_Atlas_07_26_2020
Defense,0,0,0,0,0,0,Brian,0,0,0,Karalunas,0,0,0,0,Waterdogs,11,Atlas,10,Waterdogs,7/26/2020 16:00,0,0,Waterdogs_Atlas_07_26_2020
Defense,0,0,0,0,0,0,Patrick,0,0,0,Foley,0,0,0,0,Waterdogs,11,Atlas,10,Waterdogs,7/26/2020 16:00,0,0,Waterdogs_Atlas_07_26_2020
Defense,0,0,0,0,0,0,Ryland,0,0,3,Rees,0,0,1,1,Waterdogs,11,Atlas,10,Waterdogs,7/26/2020 16:00,0,0,Waterdogs_Atlas_07_26_2020
Faceoff,0,0,0,6,50,6,Drew,0,0,0,Simoneau,0,0,0,9,Waterdogs,11,Atlas,10,Waterdogs,7/26/2020 16:00,0,0,Waterdogs_Atlas_07_26_2020
Faceoff,0,0,0,5,61.53846154,8,Jake,0,0,2,Withers,0,0,1,13,Waterdogs,11,Atlas,10,Waterdogs,7/26/2020 16:00,0,0,Waterdogs_Atlas_07_26_2020
Goalie,0,0,0,0,0,0,Charlie,0,11,1,Cipriano,52.17391304,12,1,8,Waterdogs,11,Atlas,10,Waterdogs,7/26/2020 16:00,0,0,Waterdogs_Atlas_07_26_2020
Goalie,0,0,0,0,0,0,Tate,0,0,0,Boyce,0,0,0,0,Waterdogs,11,Atlas,10,Waterdogs,7/26/2020 16:00,0,0,Waterdogs_Atlas_07_26_2020
Goalie,0,0,0,0,0,0,Matt,0,0,0,DeLuca,0,0,0,0,Waterdogs,11,Atlas,10,Waterdogs,7/26/2020 16:00,0,0,Waterdogs_Atlas_07_26_2020
Midfield,0,0,0,0,0,0,Ben,1,0,0,McIntosh,0,0,0,4,Waterdogs,11,Atlas,10,Waterdogs,7/26/2020 16:00,0,0,Waterdogs_Atlas_07_26_2020
Midfield,0,0,0,0,0,0,Danny,0,0,0,Eipp,0,0,0,0,Waterdogs,11,Atlas,10,Waterdogs,7/26/2020 16:00,0,0,Waterdogs_Atlas_07_26_2020
Midfield,0,0,0,0,0,0,Ryan,0,0,0,Conrad,0,0,0,0,Waterdogs,11,Atlas,10,Waterdogs,7/26/2020 16:00,0,0,Waterdogs_Atlas_07_26_2020
Midfield,0,0,0,0,0,0,Steven,0,0,1,DeNapoli,0,0,1,-1,Waterdogs,11,Atlas,10,Waterdogs,7/26/2020 16:00,0,0,Waterdogs_Atlas_07_26_2020
Midfield,0,0,1,0,0,0,Kyle,0,0,0,McClancy,0,0,0,7,Waterdogs,11,Atlas,10,Waterdogs,7/26/2020 16:00,0,0,Waterdogs_Atlas_07_26_2020
Midfield,0,0,1,0,0,0,Connor,3,0,1,Kelly,0,0,1,18,Waterdogs,11,Atlas,10,Waterdogs,7/26/2020 16:00,0,0,Waterdogs_Atlas_07_26_2020
Midfield,0,0,0,0,0,0,Drew,2,0,1,Snider,0,0,1,7,Waterdogs,11,Atlas,10,Waterdogs,7/26/2020 16:00,0,0,Waterdogs_Atlas_07_26_2020
Midfield,0,2,0,0,0,0,Zach,0,0,5,Currier,0,0,3,9,Waterdogs,11,Atlas,10,Waterdogs,7/26/2020 16:00,0,0,Waterdogs_Atlas_07_26_2020
Attack,0,0,0,0,0,0,Austin,1,0,0,Staats,0,0,2,0,Chaos,9,Chaos,10,Waterdogs,8/1/2020 15:30,NA,NA,Waterdogs_Chaos_08_01_2020
Attack,0,0,0,0,0,0,Connor,2,0,1,Fields,0,0,2,5,Chaos,9,Chaos,10,Waterdogs,8/1/2020 15:30,NA,NA,Waterdogs_Chaos_08_01_2020
Attack,0,0,0,0,0,0,Curtis,2,0,1,Dickson,0,0,1,7,Chaos,9,Chaos,10,Waterdogs,8/1/2020 15:30,NA,NA,Waterdogs_Chaos_08_01_2020
Attack,0,0,0,0,0,0,Josh,1,0,0,Byrne,0,0,1,2,Chaos,9,Chaos,10,Waterdogs,8/1/2020 15:30,NA,NA,Waterdogs_Chaos_08_01_2020
Attack,0,0,0,0,0,0,Miles,0,0,0,Thompson,0,0,1,-2,Chaos,9,Chaos,10,Waterdogs,8/1/2020 15:30,NA,NA,Waterdogs_Chaos_08_01_2020
Defense,0,0,0,0,0,0,Dan,0,0,0,Coates,0,0,0,0,Chaos,9,Chaos,10,Waterdogs,8/1/2020 15:30,NA,NA,Waterdogs_Chaos_08_01_2020
Defense,0,0,2,1,0,0,Jack,0,0,2,Rowlett,0,0,1,13.5,Chaos,9,Chaos,10,Waterdogs,8/1/2020 15:30,NA,NA,Waterdogs_Chaos_08_01_2020
Defense,0,0,4,0,0,0,Jarrod,0,0,2,Neumann,0,0,1,28,Chaos,9,Chaos,10,Waterdogs,8/1/2020 15:30,NA,NA,Waterdogs_Chaos_08_01_2020
Defense,0,0,0,0,0,0,Johnny,0,0,0,Surdick,0,0,0,0,Chaos,9,Chaos,10,Waterdogs,8/1/2020 15:30,NA,NA,Waterdogs_Chaos_08_01_2020
Defense,0,0,0,0,0,0,Matt,0,0,2,Rees,0,0,0,2,Chaos,9,Chaos,10,Waterdogs,8/1/2020 15:30,NA,NA,Waterdogs_Chaos_08_01_2020
Defense,0,0,1,0,0,0,Troy,0,0,3,Reh,0,0,1,8,Chaos,9,Chaos,10,Waterdogs,8/1/2020 15:30,NA,NA,Waterdogs_Chaos_08_01_2020
Defense,0,0,1,0,0,0,Tyson,0,0,1,Bell,0,0,0,8,Chaos,9,Chaos,10,Waterdogs,8/1/2020 15:30,NA,NA,Waterdogs_Chaos_08_01_2020
Defense,0,1,0,0,0,0,Jason,0,0,1,Noble,0,0,0,6,Chaos,9,Chaos,10,Waterdogs,8/1/2020 15:30,NA,NA,Waterdogs_Chaos_08_01_2020
Faceoff,0,0,0,18,14.28571429,3,Thomas,0,0,0,Kelly,0,0,0,-6,Chaos,9,Chaos,10,Waterdogs,8/1/2020 15:30,NA,NA,Waterdogs_Chaos_08_01_2020
Faceoff,0,0,0,0,0,0,Austin,0,0,0,Henningsen,0,0,0,0,Chaos,9,Chaos,10,Waterdogs,8/1/2020 15:30,NA,NA,Waterdogs_Chaos_08_01_2020
Goalie,0,0,0,0,0,0,Blaze,0,9,1,Riorden,66.66666667,18,3,10,Chaos,9,Chaos,10,Waterdogs,8/1/2020 15:30,NA,NA,Waterdogs_Chaos_08_01_2020
Goalie,0,0,0,0,0,0,Dillon,0,0,0,Ward,0,0,0,0,Chaos,9,Chaos,10,Waterdogs,8/1/2020 15:30,NA,NA,Waterdogs_Chaos_08_01_2020
Midfield,0,0,0,0,0,0,Dhane,1,0,0,Smith,0,0,1,2,Chaos,9,Chaos,10,Waterdogs,8/1/2020 15:30,NA,NA,Waterdogs_Chaos_08_01_2020
Midfield,0,0,0,0,0,0,Eric,0,0,0,Scott,0,0,0,0,Chaos,9,Chaos,10,Waterdogs,8/1/2020 15:30,NA,NA,Waterdogs_Chaos_08_01_2020
Midfield,0,0,0,0,0,0,Jake,0,0,1,Froccaro,0,0,1,-1,Chaos,9,Chaos,10,Waterdogs,8/1/2020 15:30,NA,NA,Waterdogs_Chaos_08_01_2020
Midfield,0,0,0,0,0,0,Kevin,0,0,0,Buchanan,0,0,0,0,Chaos,9,Chaos,10,Waterdogs,8/1/2020 15:30,NA,NA,Waterdogs_Chaos_08_01_2020
Midfield,0,1,0,0,0,0,Mark,0,0,1,Glicini,0,0,0,6,Chaos,9,Chaos,10,Waterdogs,8/1/2020 15:30,NA,NA,Waterdogs_Chaos_08_01_2020
Midfield,0,0,0,0,0,0,Patrick,1,0,2,Resch,0,0,0,6,Chaos,9,Chaos,10,Waterdogs,8/1/2020 15:30,NA,NA,Waterdogs_Chaos_08_01_2020
Midfield,0,0,0,0,0,0,Sergio,1,0,0,Salcido,0,0,1,2,Chaos,9,Chaos,10,Waterdogs,8/1/2020 15:30,NA,NA,Waterdogs_Chaos_08_01_2020
Attack,0,1,0,0,0,0,Christian,2,0,1,Cuccinello,0,0,1,12,Waterdogs,9,Chaos,10,Waterdogs,8/1/2020 15:30,0,0,Waterdogs_Chaos_08_01_2020
Attack,0,2,0,0,0,0,Kieran,0,0,1,McArdle,0,0,3,5,Waterdogs,9,Chaos,10,Waterdogs,8/1/2020 15:30,0,0,Waterdogs_Chaos_08_01_2020
Attack,0,0,0,0,0,0,Wes,0,0,1,Berg,0,0,0,1,Waterdogs,9,Chaos,10,Waterdogs,8/1/2020 15:30,0,0,Waterdogs_Chaos_08_01_2020
Attack,0,0,1,0,0,0,Ben,0,0,1,Reeves,0,0,1,6,Waterdogs,9,Chaos,10,Waterdogs,8/1/2020 15:30,0,0,Waterdogs_Chaos_08_01_2020
Attack,0,0,0,0,0,0,Ryan,0,0,1,Drenner,0,0,2,-3,Waterdogs,9,Chaos,10,Waterdogs,8/1/2020 15:30,0,0,Waterdogs_Chaos_08_01_2020
Defense,0,0,0,0,0,0,Noah,0,0,2,Richard,0,0,0,2,Waterdogs,9,Chaos,10,Waterdogs,8/1/2020 15:30,0,0,Waterdogs_Chaos_08_01_2020
Defense,0,0,0,0,0,0,Brodie,0,0,5,Merrill,0,0,0,5,Waterdogs,9,Chaos,10,Waterdogs,8/1/2020 15:30,0,0,Waterdogs_Chaos_08_01_2020
Defense,0,0,1,0,0,0,BJ,0,0,0,Grill,0,0,0,7,Waterdogs,9,Chaos,10,Waterdogs,8/1/2020 15:30,0,0,Waterdogs_Chaos_08_01_2020
Defense,0,0,1,0,0,0,Chris,0,0,4,Sabia,0,0,1,9,Waterdogs,9,Chaos,10,Waterdogs,8/1/2020 15:30,0,0,Waterdogs_Chaos_08_01_2020
Defense,0,0,0,0,0,0,Brian,0,0,0,Karalunas,0,0,0,0,Waterdogs,9,Chaos,10,Waterdogs,8/1/2020 15:30,0,0,Waterdogs_Chaos_08_01_2020
Defense,0,0,0,0,0,0,Patrick,0,0,0,Foley,0,0,0,0,Waterdogs,9,Chaos,10,Waterdogs,8/1/2020 15:30,0,0,Waterdogs_Chaos_08_01_2020
Defense,1,0,2,0,0,0,Ryland,1,0,5,Rees,0,0,0,30,Waterdogs,9,Chaos,10,Waterdogs,8/1/2020 15:30,0,0,Waterdogs_Chaos_08_01_2020
Faceoff,0,0,0,0,100,11,Drew,0,0,1,Simoneau,0,0,1,22,Waterdogs,9,Chaos,10,Waterdogs,8/1/2020 15:30,0,0,Waterdogs_Chaos_08_01_2020
Faceoff,0,0,0,3,72.72727273,8,Jake,0,0,0,Withers,0,0,0,17,Waterdogs,9,Chaos,10,Waterdogs,8/1/2020 15:30,0,0,Waterdogs_Chaos_08_01_2020
Goalie,0,0,0,0,0,0,Charlie,0,0,0,Cipriano,0,0,0,0,Waterdogs,9,Chaos,10,Waterdogs,8/1/2020 15:30,0,0,Waterdogs_Chaos_08_01_2020
Goalie,0,0,0,0,0,0,Tate,0,0,0,Boyce,0,0,0,0,Waterdogs,9,Chaos,10,Waterdogs,8/1/2020 15:30,0,0,Waterdogs_Chaos_08_01_2020
Goalie,0,0,0,0,0,0,Matt,0,9,0,DeLuca,55,11,1,9,Waterdogs,9,Chaos,10,Waterdogs,8/1/2020 15:30,0,0,Waterdogs_Chaos_08_01_2020
Midfield,0,0,1,0,0,0,Ben,2,0,2,McIntosh,0,0,1,15,Waterdogs,9,Chaos,10,Waterdogs,8/1/2020 15:30,0,0,Waterdogs_Chaos_08_01_2020
Midfield,0,0,0,0,0,0,Danny,0,0,1,Eipp,0,0,0,1,Waterdogs,9,Chaos,10,Waterdogs,8/1/2020 15:30,0,0,Waterdogs_Chaos_08_01_2020
Midfield,0,0,0,0,0,0,Ryan,0,0,0,Conrad,0,0,0,0,Waterdogs,9,Chaos,10,Waterdogs,8/1/2020 15:30,0,0,Waterdogs_Chaos_08_01_2020
Midfield,0,1,0,0,0,0,Steven,0,0,1,DeNapoli,0,0,0,6,Waterdogs,9,Chaos,10,Waterdogs,8/1/2020 15:30,0,0,Waterdogs_Chaos_08_01_2020
Midfield,0,0,0,0,0,0,Kyle,0,0,0,McClancy,0,0,0,0,Waterdogs,9,Chaos,10,Waterdogs,8/1/2020 15:30,0,0,Waterdogs_Chaos_08_01_2020
Midfield,0,0,0,0,0,0,Connor,1,0,2,Kelly,0,0,1,4,Waterdogs,9,Chaos,10,Waterdogs,8/1/2020 15:30,0,0,Waterdogs_Chaos_08_01_2020
Midfield,0,1,0,0,0,0,Drew,0,0,1,Snider,0,0,1,4,Waterdogs,9,Chaos,10,Waterdogs,8/1/2020 15:30,0,0,Waterdogs_Chaos_08_01_2020
Midfield,0,0,0,0,0,0,Zach,3,0,6,Currier,0,0,2,14,Waterdogs,9,Chaos,10,Waterdogs,8/1/2020 15:30,0,0,Waterdogs_Chaos_08_01_2020
Attack,0,4,0,0,0,0,Jordan,0,0,2,Wolf,0,0,4,14,Chrome,13,Chrome,12,Waterdogs,7/31/2020 21:30,NA,NA,Waterdogs_Chrome_07_31_2020
Attack,0,1,0,0,0,0,Justin,2,0,2,Guterding,0,0,2,11,Chrome,13,Chrome,12,Waterdogs,7/31/2020 21:30,NA,NA,Waterdogs_Chrome_07_31_2020
Attack,0,0,0,0,0,0,Ty,0,0,0,Thompson,0,0,0,0,Chrome,13,Chrome,12,Waterdogs,7/31/2020 21:30,NA,NA,Waterdogs_Chrome_07_31_2020
Attack,1,1,0,0,0,0,Brendan,0,0,1,Kavanagh,0,0,1,11,Chrome,13,Chrome,12,Waterdogs,7/31/2020 21:30,NA,NA,Waterdogs_Chrome_07_31_2020
Attack,0,0,0,0,0,0,Matt,2,0,0,Gaudet,0,0,0,8,Chrome,13,Chrome,12,Waterdogs,7/31/2020 21:30,NA,NA,Waterdogs_Chrome_07_31_2020
Attack,0,1,0,0,0,0,Jesse,2,0,0,King,0,0,2,9,Chrome,13,Chrome,12,Waterdogs,7/31/2020 21:30,NA,NA,Waterdogs_Chrome_07_31_2020
Defense,0,0,0,0,0,0,James,0,0,1,Barclay,0,0,0,1,Chrome,13,Chrome,12,Waterdogs,7/31/2020 21:30,NA,NA,Waterdogs_Chrome_07_31_2020
Defense,0,0,1,0,0,0,Michael,0,0,3,Manley,0,0,1,8,Chrome,13,Chrome,12,Waterdogs,7/31/2020 21:30,NA,NA,Waterdogs_Chrome_07_31_2020
Defense,0,0,0,0,0,0,Foster,0,0,0,Huggins,0,0,0,0,Chrome,13,Chrome,12,Waterdogs,7/31/2020 21:30,NA,NA,Waterdogs_Chrome_07_31_2020
Defense,0,0,0,0,0,0,Jesse,0,0,0,Bernhardt,0,0,1,-2,Chrome,13,Chrome,12,Waterdogs,7/31/2020 21:30,NA,NA,Waterdogs_Chrome_07_31_2020
Defense,0,0,0,0,0,0,Donny,0,0,0,Moss,0,0,0,0,Chrome,13,Chrome,12,Waterdogs,7/31/2020 21:30,NA,NA,Waterdogs_Chrome_07_31_2020
Defense,0,0,0,0,0,0,Jake,0,0,3,Pulver,0,0,1,1,Chrome,13,Chrome,12,Waterdogs,7/31/2020 21:30,NA,NA,Waterdogs_Chrome_07_31_2020
Defense,0,0,0,0,0,0,Reece,0,0,3,Eddy,0,0,2,-1,Chrome,13,Chrome,12,Waterdogs,7/31/2020 21:30,NA,NA,Waterdogs_Chrome_07_31_2020
Defense,0,0,0,0,0,0,Eli,0,0,1,Salama,0,0,0,1,Chrome,13,Chrome,12,Waterdogs,7/31/2020 21:30,NA,NA,Waterdogs_Chrome_07_31_2020
Faceoff,0,0,0,11,50,11,Connor,0,0,0,Farrell,0,0,2,5,Chrome,13,Chrome,12,Waterdogs,7/31/2020 21:30,NA,NA,Waterdogs_Chrome_07_31_2020
Faceoff,0,0,0,3,25,1,Hunter,0,0,0,Forbes,0,0,0,0,Chrome,13,Chrome,12,Waterdogs,7/31/2020 21:30,NA,NA,Waterdogs_Chrome_07_31_2020
Goalie,0,0,0,0,0,0,Brett,0,0,0,Queener,0,0,0,0,Chrome,13,Chrome,12,Waterdogs,7/31/2020 21:30,NA,NA,Waterdogs_Chrome_07_31_2020
Goalie,0,0,0,0,0,0,John,0,10,0,Galloway,58.33333333,14,0,11,Chrome,13,Chrome,12,Waterdogs,7/31/2020 21:30,NA,NA,Waterdogs_Chrome_07_31_2020
Midfield,0,0,0,0,0,0,John,2,0,0,Ranagan,0,0,2,4,Chrome,13,Chrome,12,Waterdogs,7/31/2020 21:30,NA,NA,Waterdogs_Chrome_07_31_2020
Midfield,0,0,0,0,0,0,Jordan,2,0,0,MacIntosh,0,0,1,6,Chrome,13,Chrome,12,Waterdogs,7/31/2020 21:30,NA,NA,Waterdogs_Chrome_07_31_2020
Midfield,0,0,0,0,0,0,Justin,0,0,0,Turri,0,0,0,0,Chrome,13,Chrome,12,Waterdogs,7/31/2020 21:30,NA,NA,Waterdogs_Chrome_07_31_2020
Midfield,0,0,0,0,0,0,Ned,0,0,0,Crotty,0,0,0,0,Chrome,13,Chrome,12,Waterdogs,7/31/2020 21:30,NA,NA,Waterdogs_Chrome_07_31_2020
Midfield,0,0,0,0,0,0,Will,1,0,2,Haus,0,0,1,4,Chrome,13,Chrome,12,Waterdogs,7/31/2020 21:30,NA,NA,Waterdogs_Chrome_07_31_2020
Midfield,0,0,0,0,0,0,Sam,0,0,0,Duggan,0,0,0,0,Chrome,13,Chrome,12,Waterdogs,7/31/2020 21:30,NA,NA,Waterdogs_Chrome_07_31_2020
Midfield,0,0,0,0,0,0,Greg,0,0,0,Coholan,0,0,0,0,Chrome,13,Chrome,12,Waterdogs,7/31/2020 21:30,NA,NA,Waterdogs_Chrome_07_31_2020
Attack,0,0,0,0,0,0,Christian,0,0,0,Cuccinello,0,0,1,-2,Waterdogs,13,Chrome,12,Waterdogs,7/31/2020 21:30,0,0,Waterdogs_Chrome_07_31_2020
Attack,0,0,1,0,0,0,Kieran,5,0,4,McArdle,0,0,2,27,Waterdogs,13,Chrome,12,Waterdogs,7/31/2020 21:30,0,0,Waterdogs_Chrome_07_31_2020
Attack,0,0,0,0,0,0,Wes,0,0,1,Berg,0,0,0,1,Waterdogs,13,Chrome,12,Waterdogs,7/31/2020 21:30,0,0,Waterdogs_Chrome_07_31_2020
Attack,0,1,0,0,0,0,Ben,0,0,0,Reeves,0,0,2,1,Waterdogs,13,Chrome,12,Waterdogs,7/31/2020 21:30,0,0,Waterdogs_Chrome_07_31_2020
Attack,0,0,1,0,0,0,Ryan,0,0,0,Drenner,0,0,0,7,Waterdogs,13,Chrome,12,Waterdogs,7/31/2020 21:30,0,0,Waterdogs_Chrome_07_31_2020
Defense,0,0,0,0,0,0,Noah,0,0,3,Richard,0,0,1,1,Waterdogs,13,Chrome,12,Waterdogs,7/31/2020 21:30,0,0,Waterdogs_Chrome_07_31_2020
Defense,0,0,2,0,0,0,Brodie,0,0,2,Merrill,0,0,0,16,Waterdogs,13,Chrome,12,Waterdogs,7/31/2020 21:30,0,0,Waterdogs_Chrome_07_31_2020
Defense,0,0,1,0,0,0,BJ,0,0,0,Grill,0,0,0,7,Waterdogs,13,Chrome,12,Waterdogs,7/31/2020 21:30,0,0,Waterdogs_Chrome_07_31_2020
Defense,0,0,0,0,0,0,Chris,0,0,1,Sabia,0,0,0,1,Waterdogs,13,Chrome,12,Waterdogs,7/31/2020 21:30,0,0,Waterdogs_Chrome_07_31_2020
Defense,0,0,0,0,0,0,Brian,0,0,0,Karalunas,0,0,0,0,Waterdogs,13,Chrome,12,Waterdogs,7/31/2020 21:30,0,0,Waterdogs_Chrome_07_31_2020
Defense,0,0,1,0,0,0,Patrick,0,0,1,Foley,0,0,0,8,Waterdogs,13,Chrome,12,Waterdogs,7/31/2020 21:30,0,0,Waterdogs_Chrome_07_31_2020
Defense,0,0,0,0,0,0,Ryland,0,0,3,Rees,0,0,0,3,Waterdogs,13,Chrome,12,Waterdogs,7/31/2020 21:30,0,0,Waterdogs_Chrome_07_31_2020
Faceoff,0,0,0,7,50,7,Drew,2,0,0,Simoneau,0,0,0,17,Waterdogs,13,Chrome,12,Waterdogs,7/31/2020 21:30,0,0,Waterdogs_Chrome_07_31_2020
Faceoff,0,1,1,5,58.33333333,7,Jake,0,0,1,Withers,0,0,0,24,Waterdogs,13,Chrome,12,Waterdogs,7/31/2020 21:30,0,0,Waterdogs_Chrome_07_31_2020
Goalie,0,0,0,0,0,0,Charlie,0,12,1,Cipriano,36.84210526,7,2,0,Waterdogs,13,Chrome,12,Waterdogs,7/31/2020 21:30,0,0,Waterdogs_Chrome_07_31_2020
Goalie,0,0,0,0,0,0,Tate,0,0,0,Boyce,0,0,0,0,Waterdogs,13,Chrome,12,Waterdogs,7/31/2020 21:30,0,0,Waterdogs_Chrome_07_31_2020
Goalie,0,0,0,0,0,0,Matt,0,0,0,DeLuca,100,1,0,23,Waterdogs,13,Chrome,12,Waterdogs,7/31/2020 21:30,0,0,Waterdogs_Chrome_07_31_2020
Midfield,0,0,0,0,0,0,Ben,1,0,0,McIntosh,0,0,1,2,Waterdogs,13,Chrome,12,Waterdogs,7/31/2020 21:30,0,0,Waterdogs_Chrome_07_31_2020
Midfield,0,0,0,0,0,0,Danny,0,0,0,Eipp,0,0,0,0,Waterdogs,13,Chrome,12,Waterdogs,7/31/2020 21:30,0,0,Waterdogs_Chrome_07_31_2020
Midfield,0,0,0,0,0,0,Ryan,0,0,0,Conrad,0,0,0,0,Waterdogs,13,Chrome,12,Waterdogs,7/31/2020 21:30,0,0,Waterdogs_Chrome_07_31_2020
Midfield,1,0,0,0,0,0,Steven,0,0,3,DeNapoli,0,0,0,10,Waterdogs,13,Chrome,12,Waterdogs,7/31/2020 21:30,0,0,Waterdogs_Chrome_07_31_2020
Midfield,0,0,0,0,0,0,Kyle,0,0,0,McClancy,0,0,1,-2,Waterdogs,13,Chrome,12,Waterdogs,7/31/2020 21:30,0,0,Waterdogs_Chrome_07_31_2020
Midfield,1,0,0,0,0,0,Connor,0,0,1,Kelly,0,0,0,8,Waterdogs,13,Chrome,12,Waterdogs,7/31/2020 21:30,0,0,Waterdogs_Chrome_07_31_2020
Midfield,0,0,0,0,0,0,Drew,0,0,3,Snider,0,0,0,3,Waterdogs,13,Chrome,12,Waterdogs,7/31/2020 21:30,0,0,Waterdogs_Chrome_07_31_2020
Midfield,0,0,2,0,0,0,Zach,0,0,5,Currier,0,0,1,17,Waterdogs,13,Chrome,12,Waterdogs,7/31/2020 21:30,0,0,Waterdogs_Chrome_07_31_2020
Attack,0,0,0,0,0,0,Chris,0,0,0,Cloutier,0,0,1,-2,Atlas,6,Atlas,15,Whipsnakes,7/30/2020 19:00,NA,NA,Whipsnakes_Atlas_07_30_2020
Attack,0,0,1,0,0,0,Eric,1,0,1,Law,0,0,1,10,Atlas,6,Atlas,15,Whipsnakes,7/30/2020 19:00,NA,NA,Whipsnakes_Atlas_07_30_2020
Attack,0,0,0,0,0,0,James,0,0,0,Pannell,0,0,0,0,Atlas,6,Atlas,15,Whipsnakes,7/30/2020 19:00,NA,NA,Whipsnakes_Atlas_07_30_2020
Attack,0,0,0,0,0,0,Ryan,1,0,4,Brown,0,0,0,8,Atlas,6,Atlas,15,Whipsnakes,7/30/2020 19:00,NA,NA,Whipsnakes_Atlas_07_30_2020
Attack,0,2,0,0,0,0,Rob,0,0,0,Pannell,0,0,2,6,Atlas,6,Atlas,15,Whipsnakes,7/30/2020 19:00,NA,NA,Whipsnakes_Atlas_07_30_2020
Defense,0,0,1,0,0,0,Austin,0,0,4,Pifani,0,0,1,9,Atlas,6,Atlas,15,Whipsnakes,7/30/2020 19:00,NA,NA,Whipsnakes_Atlas_07_30_2020
Defense,0,0,0,0,0,0,Cade,0,0,3,Van Raaphorst,0,0,0,3,Atlas,6,Atlas,15,Whipsnakes,7/30/2020 19:00,NA,NA,Whipsnakes_Atlas_07_30_2020
Defense,0,0,0,1,0,2,Callum,0,0,0,Robinson,0,0,0,1.5,Atlas,6,Atlas,15,Whipsnakes,7/30/2020 19:00,NA,NA,Whipsnakes_Atlas_07_30_2020
Defense,0,0,1,0,0,0,Kyle,0,0,1,Hartzell,0,0,0,8,Atlas,6,Atlas,15,Whipsnakes,7/30/2020 19:00,NA,NA,Whipsnakes_Atlas_07_30_2020
Defense,0,0,1,0,0,0,Tucker,0,0,2,Durkin,0,0,0,9,Atlas,6,Atlas,15,Whipsnakes,7/30/2020 19:00,NA,NA,Whipsnakes_Atlas_07_30_2020
Defense,0,0,1,0,0,0,Craig,0,0,1,Chick,0,0,0,8,Atlas,6,Atlas,15,Whipsnakes,7/30/2020 19:00,NA,NA,Whipsnakes_Atlas_07_30_2020
Faceoff,0,0,0,16,20,4,Trevor,0,0,0,Baptiste,0,0,0,-2,Atlas,6,Atlas,15,Whipsnakes,7/30/2020 19:00,NA,NA,Whipsnakes_Atlas_07_30_2020
Goalie,0,0,0,0,0,0,Jack,0,14,1,Concannon,44,11,0,5,Atlas,6,Atlas,15,Whipsnakes,7/30/2020 19:00,NA,NA,Whipsnakes_Atlas_07_30_2020
Goalie,0,0,0,0,0,0,Scott,0,0,0,Rodgers,0,0,0,0,Atlas,6,Atlas,15,Whipsnakes,7/30/2020 19:00,NA,NA,Whipsnakes_Atlas_07_30_2020
Midfield,0,0,0,0,0,0,Andrew,0,0,0,Hodgson,0,0,0,0,Atlas,6,Atlas,15,Whipsnakes,7/30/2020 19:00,NA,NA,Whipsnakes_Atlas_07_30_2020
Midfield,0,0,0,0,0,0,Connor,0,0,1,Buczek,0,0,1,-1,Atlas,6,Atlas,15,Whipsnakes,7/30/2020 19:00,NA,NA,Whipsnakes_Atlas_07_30_2020
Midfield,0,0,0,0,0,0,Jake,0,0,1,Richard,0,0,0,1,Atlas,6,Atlas,15,Whipsnakes,7/30/2020 19:00,NA,NA,Whipsnakes_Atlas_07_30_2020
Midfield,0,0,1,0,0,0,Joel,0,0,1,Tinney,0,0,0,8,Atlas,6,Atlas,15,Whipsnakes,7/30/2020 19:00,NA,NA,Whipsnakes_Atlas_07_30_2020
Midfield,0,0,0,0,0,0,John,1,0,1,Crawley,0,0,1,3,Atlas,6,Atlas,15,Whipsnakes,7/30/2020 19:00,NA,NA,Whipsnakes_Atlas_07_30_2020
Midfield,0,0,1,0,0,0,Kevin,0,0,3,Unterstein,0,0,0,10,Atlas,6,Atlas,15,Whipsnakes,7/30/2020 19:00,NA,NA,Whipsnakes_Atlas_07_30_2020
Midfield,0,0,0,0,0,0,Paul,1,0,2,Rabil,0,0,0,6,Atlas,6,Atlas,15,Whipsnakes,7/30/2020 19:00,NA,NA,Whipsnakes_Atlas_07_30_2020
Midfield,0,0,0,1,0,0,Jeremy,0,0,0,Thompson,0,0,0,-0.5,Atlas,6,Atlas,15,Whipsnakes,7/30/2020 19:00,NA,NA,Whipsnakes_Atlas_07_30_2020
Midfield,0,0,0,0,0,0,Romar,2,0,0,Dennis,0,0,0,8,Atlas,6,Atlas,15,Whipsnakes,7/30/2020 19:00,NA,NA,Whipsnakes_Atlas_07_30_2020
Midfield,0,0,0,0,0,0,Brent,0,0,0,Noseworthy,0,0,0,0,Atlas,6,Atlas,15,Whipsnakes,7/30/2020 19:00,NA,NA,Whipsnakes_Atlas_07_30_2020
Midfield,0,0,0,0,0,0,Bryan,0,0,2,Costabile,0,0,2,-2,Atlas,6,Atlas,15,Whipsnakes,7/30/2020 19:00,NA,NA,Whipsnakes_Atlas_07_30_2020
Attack,0,0,0,0,0,0,Dylan,0,0,0,Maltz,0,0,0,0,Whipsnakes,6,Atlas,15,Whipsnakes,7/30/2020 19:00,0,0,Whipsnakes_Atlas_07_30_2020
Attack,0,0,0,0,0,0,Jay,4,0,8,Carlson,0,0,4,16,Whipsnakes,6,Atlas,15,Whipsnakes,7/30/2020 19:00,0,0,Whipsnakes_Atlas_07_30_2020
Attack,0,1,0,0,0,0,Matt,1,0,1,Rambo,0,0,0,10,Whipsnakes,6,Atlas,15,Whipsnakes,7/30/2020 19:00,0,0,Whipsnakes_Atlas_07_30_2020
Attack,0,1,0,0,0,0,Brad,1,0,3,Smith,0,0,2,8,Whipsnakes,6,Atlas,15,Whipsnakes,7/30/2020 19:00,0,0,Whipsnakes_Atlas_07_30_2020
Attack,0,2,2,0,0,0,Zed,3,0,1,Williams,0,0,0,37,Whipsnakes,6,Atlas,15,Whipsnakes,7/30/2020 19:00,0,0,Whipsnakes_Atlas_07_30_2020
Defense,0,0,0,0,0,0,Brett,0,0,3,Schmidt,0,0,0,3,Whipsnakes,6,Atlas,15,Whipsnakes,7/30/2020 19:00,0,0,Whipsnakes_Atlas_07_30_2020
Defense,0,0,0,0,0,0,Bryce,0,0,3,Young,0,0,0,3,Whipsnakes,6,Atlas,15,Whipsnakes,7/30/2020 19:00,0,0,Whipsnakes_Atlas_07_30_2020
Defense,0,0,1,0,0,0,Matthew,0,0,1,Dunn,0,0,0,8,Whipsnakes,6,Atlas,15,Whipsnakes,7/30/2020 19:00,0,0,Whipsnakes_Atlas_07_30_2020
Defense,0,0,0,0,0,0,Michael,0,0,1,Ehrhardt,0,0,0,1,Whipsnakes,6,Atlas,15,Whipsnakes,7/30/2020 19:00,0,0,Whipsnakes_Atlas_07_30_2020
Defense,0,0,1,0,0,0,Tim,0,0,2,Muller,0,0,1,7,Whipsnakes,6,Atlas,15,Whipsnakes,7/30/2020 19:00,0,0,Whipsnakes_Atlas_07_30_2020
Defense,0,0,0,0,0,0,Sean,0,0,0,New,0,0,0,0,Whipsnakes,6,Atlas,15,Whipsnakes,7/30/2020 19:00,0,0,Whipsnakes_Atlas_07_30_2020
Faceoff,0,0,0,4,80.95238095,17,Joseph,0,0,3,Nardella,0,0,1,24,Whipsnakes,6,Atlas,15,Whipsnakes,7/30/2020 19:00,0,0,Whipsnakes_Atlas_07_30_2020
Goalie,0,0,0,0,0,0,Jacob,0,0,1,Stover,0,0,0,1,Whipsnakes,6,Atlas,15,Whipsnakes,7/30/2020 19:00,0,0,Whipsnakes_Atlas_07_30_2020
Goalie,0,0,0,0,0,0,Kyle,0,6,1,Bernlohr,60,9,1,12,Whipsnakes,6,Atlas,15,Whipsnakes,7/30/2020 19:00,0,0,Whipsnakes_Atlas_07_30_2020
Midfield,0,0,0,0,0,0,Max,1,0,1,Tuttle,0,0,1,3,Whipsnakes,6,Atlas,15,Whipsnakes,7/30/2020 19:00,0,0,Whipsnakes_Atlas_07_30_2020
Midfield,0,0,0,0,0,0,Isaac,0,0,0,Paparo,0,0,0,0,Whipsnakes,6,Atlas,15,Whipsnakes,7/30/2020 19:00,0,0,Whipsnakes_Atlas_07_30_2020
Midfield,0,0,0,0,0,0,Jake,0,0,1,Bernhardt,0,0,1,-1,Whipsnakes,6,Atlas,15,Whipsnakes,7/30/2020 19:00,0,0,Whipsnakes_Atlas_07_30_2020
Midfield,0,0,0,0,0,0,Jeremy,0,0,0,Sieverts,0,0,1,-2,Whipsnakes,6,Atlas,15,Whipsnakes,7/30/2020 19:00,0,0,Whipsnakes_Atlas_07_30_2020
Midfield,0,0,0,0,0,0,Joe,1,0,0,Locascio,0,0,0,4,Whipsnakes,6,Atlas,15,Whipsnakes,7/30/2020 19:00,0,0,Whipsnakes_Atlas_07_30_2020
Midfield,0,0,0,0,0,0,John,0,0,0,Haus,0,0,1,-2,Whipsnakes,6,Atlas,15,Whipsnakes,7/30/2020 19:00,0,0,Whipsnakes_Atlas_07_30_2020
Midfield,0,0,1,2,0,1,Joseph,0,0,0,McCallion,0,0,1,5,Whipsnakes,6,Atlas,15,Whipsnakes,7/30/2020 19:00,0,0,Whipsnakes_Atlas_07_30_2020
Midfield,1,1,1,0,0,0,Mike,2,0,0,Chanenchuk,0,0,0,27,Whipsnakes,6,Atlas,15,Whipsnakes,7/30/2020 19:00,0,0,Whipsnakes_Atlas_07_30_2020
Midfield,0,0,0,0,0,0,Tyler,0,0,4,Warner,0,0,0,4,Whipsnakes,6,Atlas,15,Whipsnakes,7/30/2020 19:00,0,0,Whipsnakes_Atlas_07_30_2020
Midfield,0,0,1,0,0,0,TJ,0,0,2,Comizio,0,0,0,9,Whipsnakes,6,Atlas,15,Whipsnakes,7/30/2020 19:00,0,0,Whipsnakes_Atlas_07_30_2020
Midfield,0,0,0,0,0,0,Matt,0,0,0,Hubler,0,0,0,0,Whipsnakes,6,Atlas,15,Whipsnakes,7/30/2020 19:00,0,0,Whipsnakes_Atlas_07_30_2020
Attack,0,1,0,0,0,0,Austin,0,0,2,Staats,0,0,0,7,Chaos,7,Chaos,12,Whipsnakes,7/31/2020 19:00,NA,NA,Whipsnakes_Chaos_07_31_2020
Attack,0,0,0,0,0,0,Connor,0,0,0,Fields,0,0,0,0,Chaos,7,Chaos,12,Whipsnakes,7/31/2020 19:00,NA,NA,Whipsnakes_Chaos_07_31_2020
Attack,0,1,0,0,0,0,Curtis,2,0,0,Dickson,0,0,0,13,Chaos,7,Chaos,12,Whipsnakes,7/31/2020 19:00,NA,NA,Whipsnakes_Chaos_07_31_2020
Attack,0,1,0,0,0,0,Josh,1,0,0,Byrne,0,0,0,9,Chaos,7,Chaos,12,Whipsnakes,7/31/2020 19:00,NA,NA,Whipsnakes_Chaos_07_31_2020
Attack,0,0,0,0,0,0,Miles,1,0,0,Thompson,0,0,1,2,Chaos,7,Chaos,12,Whipsnakes,7/31/2020 19:00,NA,NA,Whipsnakes_Chaos_07_31_2020
Defense,0,0,0,0,0,0,Dan,0,0,1,Coates,0,0,0,1,Chaos,7,Chaos,12,Whipsnakes,7/31/2020 19:00,NA,NA,Whipsnakes_Chaos_07_31_2020
Defense,0,0,1,1,0,0,Jack,0,0,1,Rowlett,0,0,0,7.5,Chaos,7,Chaos,12,Whipsnakes,7/31/2020 19:00,NA,NA,Whipsnakes_Chaos_07_31_2020
Defense,0,0,0,0,0,0,Jarrod,0,0,0,Neumann,0,0,1,-2,Chaos,7,Chaos,12,Whipsnakes,7/31/2020 19:00,NA,NA,Whipsnakes_Chaos_07_31_2020
Defense,0,0,0,0,0,0,Johnny,0,0,0,Surdick,0,0,0,0,Chaos,7,Chaos,12,Whipsnakes,7/31/2020 19:00,NA,NA,Whipsnakes_Chaos_07_31_2020
Defense,0,0,0,0,0,0,Matt,0,0,0,Rees,0,0,0,0,Chaos,7,Chaos,12,Whipsnakes,7/31/2020 19:00,NA,NA,Whipsnakes_Chaos_07_31_2020
Defense,0,0,1,0,0,0,Troy,0,0,2,Reh,0,0,0,9,Chaos,7,Chaos,12,Whipsnakes,7/31/2020 19:00,NA,NA,Whipsnakes_Chaos_07_31_2020
Defense,0,1,0,0,0,0,Tyson,0,0,1,Bell,0,0,0,6,Chaos,7,Chaos,12,Whipsnakes,7/31/2020 19:00,NA,NA,Whipsnakes_Chaos_07_31_2020
Defense,0,0,0,0,0,0,Jason,0,0,0,Noble,0,0,0,0,Chaos,7,Chaos,12,Whipsnakes,7/31/2020 19:00,NA,NA,Whipsnakes_Chaos_07_31_2020
Faceoff,0,0,0,17,19.04761905,4,Thomas,0,0,0,Kelly,0,0,0,-6,Chaos,7,Chaos,12,Whipsnakes,7/31/2020 19:00,NA,NA,Whipsnakes_Chaos_07_31_2020
Faceoff,0,0,0,0,0,0,Austin,0,0,0,Henningsen,0,0,0,0,Chaos,7,Chaos,12,Whipsnakes,7/31/2020 19:00,NA,NA,Whipsnakes_Chaos_07_31_2020
Goalie,0,0,0,0,0,0,Blaze,0,11,1,Riorden,59.25925926,16,1,10,Chaos,7,Chaos,12,Whipsnakes,7/31/2020 19:00,NA,NA,Whipsnakes_Chaos_07_31_2020
Goalie,0,0,0,0,0,0,Dillon,0,0,0,Ward,0,0,0,0,Chaos,7,Chaos,12,Whipsnakes,7/31/2020 19:00,NA,NA,Whipsnakes_Chaos_07_31_2020
Midfield,0,0,0,0,0,0,Dhane,0,0,0,Smith,0,0,0,0,Chaos,7,Chaos,12,Whipsnakes,7/31/2020 19:00,NA,NA,Whipsnakes_Chaos_07_31_2020
Midfield,0,0,0,0,0,0,Eric,0,0,0,Scott,0,0,0,0,Chaos,7,Chaos,12,Whipsnakes,7/31/2020 19:00,NA,NA,Whipsnakes_Chaos_07_31_2020
Midfield,0,0,0,0,0,0,Jake,1,0,1,Froccaro,0,0,0,5,Chaos,7,Chaos,12,Whipsnakes,7/31/2020 19:00,NA,NA,Whipsnakes_Chaos_07_31_2020
Midfield,0,0,0,0,0,0,Kevin,0,0,0,Buchanan,0,0,1,-2,Chaos,7,Chaos,12,Whipsnakes,7/31/2020 19:00,NA,NA,Whipsnakes_Chaos_07_31_2020
Midfield,0,0,0,0,0,0,Mark,0,0,1,Glicini,0,0,0,1,Chaos,7,Chaos,12,Whipsnakes,7/31/2020 19:00,NA,NA,Whipsnakes_Chaos_07_31_2020
Midfield,0,0,0,0,0,0,Patrick,0,0,0,Resch,0,0,0,0,Chaos,7,Chaos,12,Whipsnakes,7/31/2020 19:00,NA,NA,Whipsnakes_Chaos_07_31_2020
Midfield,0,0,0,0,0,0,Sergio,2,0,1,Salcido,0,0,2,5,Chaos,7,Chaos,12,Whipsnakes,7/31/2020 19:00,NA,NA,Whipsnakes_Chaos_07_31_2020
Attack,0,0,0,0,0,0,Dylan,0,0,0,Maltz,0,0,0,0,Whipsnakes,7,Chaos,12,Whipsnakes,7/31/2020 19:00,0,0,Whipsnakes_Chaos_07_31_2020
Attack,0,1,0,0,0,0,Jay,1,0,2,Carlson,0,0,1,9,Whipsnakes,7,Chaos,12,Whipsnakes,7/31/2020 19:00,0,0,Whipsnakes_Chaos_07_31_2020
Attack,0,3,0,0,0,0,Matt,2,0,2,Rambo,0,0,3,19,Whipsnakes,7,Chaos,12,Whipsnakes,7/31/2020 19:00,0,0,Whipsnakes_Chaos_07_31_2020
Attack,0,0,0,0,0,0,Brad,1,0,1,Smith,0,0,0,5,Whipsnakes,7,Chaos,12,Whipsnakes,7/31/2020 19:00,0,0,Whipsnakes_Chaos_07_31_2020
Attack,0,0,1,0,0,0,Zed,4,0,2,Williams,0,0,5,15,Whipsnakes,7,Chaos,12,Whipsnakes,7/31/2020 19:00,0,0,Whipsnakes_Chaos_07_31_2020
Defense,0,0,0,0,0,0,Brett,0,0,0,Schmidt,0,0,0,0,Whipsnakes,7,Chaos,12,Whipsnakes,7/31/2020 19:00,0,0,Whipsnakes_Chaos_07_31_2020
Defense,0,0,2,0,0,0,Bryce,0,0,1,Young,0,0,0,15,Whipsnakes,7,Chaos,12,Whipsnakes,7/31/2020 19:00,0,0,Whipsnakes_Chaos_07_31_2020
Defense,0,0,0,0,0,0,Matthew,0,0,0,Dunn,0,0,0,0,Whipsnakes,7,Chaos,12,Whipsnakes,7/31/2020 19:00,0,0,Whipsnakes_Chaos_07_31_2020
Defense,0,0,0,0,0,0,Michael,0,0,5,Ehrhardt,0,0,0,5,Whipsnakes,7,Chaos,12,Whipsnakes,7/31/2020 19:00,0,0,Whipsnakes_Chaos_07_31_2020
Defense,0,0,0,0,0,0,Tim,0,0,1,Muller,0,0,0,1,Whipsnakes,7,Chaos,12,Whipsnakes,7/31/2020 19:00,0,0,Whipsnakes_Chaos_07_31_2020
Defense,0,0,0,0,0,0,Sean,0,0,0,New,0,0,0,0,Whipsnakes,7,Chaos,12,Whipsnakes,7/31/2020 19:00,0,0,Whipsnakes_Chaos_07_31_2020
Faceoff,0,1,0,3,85.71428571,18,Joseph,1,0,1,Nardella,0,0,0,33,Whipsnakes,7,Chaos,12,Whipsnakes,7/31/2020 19:00,0,0,Whipsnakes_Chaos_07_31_2020
Goalie,0,0,0,0,0,0,Jacob,0,0,0,Stover,0,0,0,0,Whipsnakes,7,Chaos,12,Whipsnakes,7/31/2020 19:00,0,0,Whipsnakes_Chaos_07_31_2020
Goalie,0,0,0,0,0,0,Kyle,0,7,1,Bernlohr,65,13,0,16,Whipsnakes,7,Chaos,12,Whipsnakes,7/31/2020 19:00,0,0,Whipsnakes_Chaos_07_31_2020
Midfield,0,0,0,0,0,0,Max,0,0,1,Tuttle,0,0,0,1,Whipsnakes,7,Chaos,12,Whipsnakes,7/31/2020 19:00,0,0,Whipsnakes_Chaos_07_31_2020
Midfield,0,0,0,0,0,0,Isaac,0,0,1,Paparo,0,0,0,1,Whipsnakes,7,Chaos,12,Whipsnakes,7/31/2020 19:00,0,0,Whipsnakes_Chaos_07_31_2020
Midfield,0,0,0,0,0,0,Jake,0,0,0,Bernhardt,0,0,0,0,Whipsnakes,7,Chaos,12,Whipsnakes,7/31/2020 19:00,0,0,Whipsnakes_Chaos_07_31_2020
Midfield,0,0,0,0,0,0,Jeremy,0,0,1,Sieverts,0,0,0,1,Whipsnakes,7,Chaos,12,Whipsnakes,7/31/2020 19:00,0,0,Whipsnakes_Chaos_07_31_2020
Midfield,0,0,0,0,0,0,Joe,0,0,0,Locascio,0,0,0,0,Whipsnakes,7,Chaos,12,Whipsnakes,7/31/2020 19:00,0,0,Whipsnakes_Chaos_07_31_2020
Midfield,0,1,0,0,0,0,John,1,0,1,Haus,0,0,0,10,Whipsnakes,7,Chaos,12,Whipsnakes,7/31/2020 19:00,0,0,Whipsnakes_Chaos_07_31_2020
Midfield,0,0,0,1,0,0,Joseph,0,0,0,McCallion,0,0,0,-0.5,Whipsnakes,7,Chaos,12,Whipsnakes,7/31/2020 19:00,0,0,Whipsnakes_Chaos_07_31_2020
Midfield,1,0,0,0,0,0,Mike,0,0,0,Chanenchuk,0,0,0,7,Whipsnakes,7,Chaos,12,Whipsnakes,7/31/2020 19:00,0,0,Whipsnakes_Chaos_07_31_2020
Midfield,0,0,0,0,0,0,Tyler,0,0,0,Warner,0,0,0,0,Whipsnakes,7,Chaos,12,Whipsnakes,7/31/2020 19:00,0,0,Whipsnakes_Chaos_07_31_2020
Midfield,0,0,0,0,0,0,TJ,0,0,1,Comizio,0,0,0,1,Whipsnakes,7,Chaos,12,Whipsnakes,7/31/2020 19:00,0,0,Whipsnakes_Chaos_07_31_2020
Midfield,0,0,0,0,0,0,Matt,0,0,0,Hubler,0,0,0,0,Whipsnakes,7,Chaos,12,Whipsnakes,7/31/2020 19:00,0,0,Whipsnakes_Chaos_07_31_2020
